OrderItemID,OrderID,ProductID,Quantity,Discount
1,1,13,3,0.2
2,1,39,2,0.0
3,1,33,7,0.0
4,1,48,9,0.0
5,2,38,9,0.05
6,2,43,6,0.0
7,2,32,9,0.2
8,2,10,9,0.05
9,2,29,8,0.0
10,3,50,1,0.0
11,3,27,8,0.15
12,4,3,6,0.2
13,4,9,2,0.2
14,4,33,8,0.0
15,4,38,9,0.05
16,5,31,5,0.0
17,6,44,6,0.15
18,6,35,8,0.2
19,6,25,9,0.0
20,7,48,7,0.0
21,7,6,2,0.05
22,8,21,1,0.0
23,9,34,10,0.15
24,9,27,3,0.0
25,10,44,4,0.05
26,10,16,5,0.05
27,10,32,5,0.15
28,10,38,1,0.2
29,10,10,8,0.0
30,11,23,7,0.15
31,11,38,5,0.05
32,11,20,5,0.0
33,11,41,7,0.2
34,12,23,7,0.0
35,12,37,1,0.1
36,12,19,1,0.1
37,12,45,8,0.2
38,12,2,5,0.2
39,13,41,10,0.0
40,13,13,3,0.15
41,14,29,6,0.15
42,14,3,3,0.0
43,14,38,5,0.0
44,15,35,9,0.1
45,15,24,5,0.2
46,16,48,8,0.0
47,16,22,3,0.2
48,16,8,4,0.2
49,17,26,1,0.0
50,18,38,6,0.0
51,18,25,4,0.05
52,18,41,1,0.1
53,19,41,8,0.15
54,20,3,8,0.0
55,20,20,2,0.0
56,21,43,9,0.05
57,21,48,10,0.15
58,21,45,3,0.05
59,22,27,4,0.05
60,22,18,8,0.0
61,22,3,6,0.0
62,22,45,6,0.1
63,22,24,6,0.0
64,23,6,10,0.0
65,23,43,1,0.2
66,23,14,6,0.0
67,23,42,3,0.2
68,24,14,10,0.0
69,24,15,5,0.2
70,24,22,3,0.0
71,24,50,9,0.0
72,24,10,3,0.0
73,25,16,1,0.0
74,25,38,5,0.0
75,25,21,3,0.15
76,26,29,10,0.0
77,26,50,8,0.1
78,26,24,4,0.1
79,26,33,1,0.15
80,27,4,8,0.2
81,28,46,6,0.1
82,28,29,3,0.0
83,28,5,3,0.0
84,28,6,10,0.15
85,29,39,9,0.1
86,29,34,7,0.0
87,29,19,2,0.2
88,29,30,9,0.15
89,30,22,2,0.0
90,30,30,7,0.0
91,30,26,5,0.0
92,30,27,3,0.15
93,31,28,2,0.15
94,32,4,2,0.05
95,32,38,6,0.2
96,32,36,7,0.2
97,32,22,1,0.0
98,32,43,10,0.0
99,33,43,4,0.2
100,33,31,2,0.0
101,34,15,10,0.15
102,34,28,9,0.0
103,34,36,10,0.15
104,34,50,5,0.0
105,34,40,3,0.0
106,35,12,3,0.1
107,36,6,9,0.0
108,37,24,6,0.2
109,37,20,10,0.1
110,38,4,7,0.05
111,38,44,10,0.05
112,38,6,7,0.0
113,38,18,4,0.2
114,38,29,9,0.0
115,39,32,4,0.05
116,39,34,10,0.0
117,39,43,1,0.0
118,39,20,5,0.0
119,39,3,3,0.2
120,40,32,7,0.0
121,41,36,1,0.05
122,41,43,1,0.05
123,41,23,2,0.2
124,41,5,6,0.1
125,41,26,7,0.1
126,42,8,6,0.0
127,42,26,10,0.05
128,42,2,6,0.0
129,43,26,6,0.0
130,43,34,6,0.2
131,43,6,3,0.0
132,43,20,9,0.15
133,43,48,2,0.1
134,44,47,4,0.0
135,44,42,3,0.0
136,44,10,4,0.0
137,45,50,8,0.05
138,45,41,10,0.2
139,46,10,8,0.05
140,46,29,5,0.2
141,46,5,5,0.1
142,47,30,1,0.0
143,47,29,5,0.0
144,47,3,2,0.1
145,48,36,4,0.0
146,48,48,10,0.05
147,48,3,9,0.0
148,48,29,1,0.05
149,48,37,2,0.2
150,49,16,8,0.05
151,50,24,7,0.2
152,50,19,6,0.15
153,50,25,10,0.0
154,51,7,7,0.0
155,51,36,5,0.15
156,51,44,10,0.2
157,52,20,7,0.0
158,52,42,10,0.15
159,52,45,2,0.0
160,53,43,9,0.0
161,53,45,7,0.1
162,54,14,8,0.0
163,54,22,4,0.0
164,55,50,6,0.2
165,55,35,10,0.0
166,55,48,10,0.05
167,55,34,3,0.0
168,55,3,3,0.2
169,56,3,4,0.05
170,56,27,10,0.0
171,56,24,8,0.0
172,56,44,9,0.0
173,57,44,8,0.2
174,57,37,5,0.2
175,57,29,7,0.1
176,58,9,6,0.1
177,58,17,2,0.15
178,58,4,9,0.2
179,58,42,2,0.0
180,58,31,2,0.2
181,59,6,1,0.05
182,59,15,1,0.05
183,59,29,9,0.0
184,59,23,4,0.05
185,60,7,6,0.2
186,60,46,3,0.0
187,60,42,1,0.0
188,61,29,1,0.0
189,61,40,4,0.2
190,61,1,3,0.1
191,61,6,10,0.1
192,62,20,1,0.0
193,62,8,7,0.15
194,63,39,9,0.1
195,63,35,4,0.15
196,63,2,3,0.0
197,63,41,7,0.0
198,64,43,9,0.0
199,64,6,2,0.1
200,65,31,6,0.0
201,65,3,1,0.0
202,65,41,2,0.0
203,65,25,4,0.15
204,66,3,9,0.0
205,66,23,3,0.2
206,67,9,8,0.0
207,67,5,5,0.0
208,68,33,8,0.0
209,68,26,1,0.2
210,68,35,4,0.0
211,69,8,7,0.15
212,69,24,8,0.05
213,69,28,6,0.0
214,70,18,3,0.1
215,70,6,5,0.0
216,70,47,2,0.0
217,70,28,6,0.15
218,70,39,5,0.0
219,71,45,6,0.05
220,71,29,1,0.15
221,72,5,7,0.0
222,73,39,8,0.0
223,73,44,3,0.0
224,74,37,8,0.0
225,74,3,6,0.05
226,74,39,2,0.1
227,74,10,3,0.1
228,75,8,3,0.05
229,75,2,9,0.05
230,76,14,8,0.0
231,76,40,2,0.0
232,76,19,2,0.05
233,76,45,3,0.15
234,77,46,9,0.0
235,77,5,5,0.2
236,77,36,3,0.15
237,78,33,4,0.2
238,78,15,3,0.0
239,78,8,8,0.0
240,79,36,2,0.0
241,79,9,7,0.15
242,79,40,8,0.1
243,79,6,7,0.2
244,80,42,8,0.15
245,80,5,9,0.0
246,80,29,3,0.2
247,81,28,1,0.2
248,81,33,2,0.1
249,82,46,9,0.0
250,82,15,2,0.0
251,82,23,4,0.15
252,83,35,10,0.1
253,83,6,3,0.0
254,83,33,10,0.15
255,83,42,10,0.0
256,83,11,10,0.0
257,84,50,7,0.1
258,84,37,1,0.05
259,85,16,8,0.0
260,85,44,1,0.0
261,85,26,8,0.05
262,85,20,8,0.05
263,86,46,6,0.05
264,86,21,3,0.2
265,86,47,6,0.1
266,87,8,3,0.0
267,87,18,1,0.0
268,87,29,7,0.2
269,87,16,10,0.05
270,88,47,8,0.1
271,88,21,8,0.05
272,88,13,5,0.05
273,88,49,1,0.0
274,88,11,7,0.1
275,89,4,5,0.05
276,90,35,7,0.0
277,90,1,5,0.15
278,90,7,6,0.2
279,91,37,9,0.0
280,92,33,5,0.2
281,92,29,10,0.15
282,92,49,10,0.0
283,92,36,3,0.0
284,93,24,9,0.05
285,93,49,9,0.0
286,93,10,1,0.0
287,93,13,3,0.15
288,93,39,6,0.2
289,94,33,7,0.1
290,94,9,5,0.1
291,94,21,6,0.1
292,94,40,9,0.1
293,94,11,8,0.15
294,95,22,7,0.1
295,95,44,5,0.2
296,95,8,1,0.1
297,96,38,8,0.0
298,97,44,1,0.1
299,97,16,2,0.0
300,98,27,4,0.05
301,98,45,9,0.2
302,99,34,9,0.0
303,99,14,8,0.1
304,100,22,5,0.1
305,100,35,8,0.0
306,100,23,4,0.0
307,100,44,9,0.0
308,100,50,4,0.0
309,101,21,5,0.0
310,101,31,2,0.1
311,101,23,9,0.05
312,101,36,7,0.2
313,102,46,8,0.15
314,102,6,5,0.15
315,102,23,8,0.0
316,103,7,10,0.0
317,103,40,4,0.0
318,104,7,7,0.0
319,105,36,3,0.05
320,106,21,1,0.2
321,106,19,2,0.15
322,106,42,10,0.0
323,107,3,8,0.0
324,107,26,5,0.0
325,108,19,9,0.1
326,108,30,8,0.0
327,108,42,9,0.05
328,109,11,5,0.15
329,109,47,3,0.0
330,109,30,6,0.2
331,110,40,7,0.2
332,110,41,7,0.1
333,111,9,6,0.0
334,111,31,1,0.0
335,112,20,10,0.0
336,112,38,5,0.15
337,112,47,6,0.15
338,113,20,9,0.15
339,113,11,5,0.15
340,113,26,2,0.15
341,113,44,5,0.0
342,114,10,6,0.05
343,114,30,9,0.05
344,114,48,9,0.2
345,114,39,4,0.2
346,115,29,10,0.0
347,115,34,1,0.2
348,115,46,9,0.1
349,115,24,4,0.1
350,115,5,9,0.0
351,116,44,4,0.15
352,117,30,3,0.1
353,118,30,7,0.0
354,118,44,1,0.15
355,118,20,4,0.1
356,118,47,2,0.0
357,118,2,7,0.0
358,119,31,1,0.0
359,120,24,9,0.0
360,120,25,6,0.0
361,120,29,3,0.1
362,120,6,7,0.1
363,121,20,8,0.15
364,122,16,6,0.0
365,122,30,5,0.0
366,123,50,2,0.1
367,123,2,1,0.05
368,123,16,10,0.15
369,123,14,1,0.0
370,123,5,1,0.05
371,124,9,9,0.0
372,125,20,9,0.0
373,125,10,7,0.0
374,126,36,7,0.2
375,126,32,9,0.0
376,126,4,7,0.05
377,126,23,3,0.0
378,127,15,3,0.2
379,127,20,8,0.0
380,128,16,2,0.05
381,128,17,6,0.0
382,128,14,9,0.15
383,128,22,4,0.0
384,129,13,10,0.15
385,130,22,1,0.0
386,130,20,4,0.15
387,131,16,5,0.05
388,131,36,8,0.1
389,131,21,6,0.0
390,131,50,5,0.0
391,132,49,6,0.05
392,132,21,1,0.1
393,132,14,4,0.15
394,132,24,3,0.0
395,133,10,4,0.05
396,133,13,10,0.2
397,133,22,4,0.05
398,134,49,8,0.05
399,134,32,3,0.15
400,134,47,6,0.0
401,135,42,1,0.2
402,135,4,1,0.05
403,135,34,3,0.2
404,135,3,4,0.0
405,135,5,3,0.0
406,136,40,10,0.05
407,137,36,5,0.1
408,137,27,5,0.0
409,137,1,9,0.2
410,137,2,7,0.2
411,137,34,3,0.0
412,138,40,5,0.2
413,138,34,6,0.0
414,139,37,5,0.15
415,139,16,2,0.15
416,139,45,1,0.0
417,139,15,7,0.05
418,140,45,3,0.0
419,141,7,10,0.05
420,141,34,5,0.0
421,141,3,2,0.15
422,141,15,5,0.1
423,141,14,10,0.15
424,142,14,10,0.0
425,143,37,10,0.2
426,143,16,7,0.15
427,144,33,6,0.0
428,145,39,10,0.05
429,145,50,6,0.0
430,145,40,5,0.2
431,146,25,7,0.0
432,146,28,10,0.0
433,146,12,4,0.15
434,146,44,2,0.0
435,146,38,5,0.0
436,147,21,1,0.0
437,147,24,8,0.0
438,147,7,5,0.0
439,147,6,3,0.0
440,148,2,2,0.0
441,149,1,2,0.15
442,149,19,9,0.0
443,149,27,10,0.1
444,149,25,3,0.15
445,150,18,2,0.0
446,150,32,7,0.0
447,150,10,7,0.0
448,151,47,8,0.1
449,151,41,10,0.0
450,152,26,6,0.2
451,153,22,3,0.0
452,153,28,6,0.1
453,153,42,4,0.05
454,153,39,6,0.0
455,154,16,6,0.0
456,154,21,10,0.0
457,154,25,10,0.1
458,154,18,3,0.15
459,154,26,9,0.0
460,155,19,8,0.0
461,155,45,5,0.0
462,155,5,5,0.15
463,155,27,3,0.15
464,156,31,7,0.1
465,156,38,1,0.2
466,156,26,6,0.15
467,156,35,9,0.1
468,156,33,2,0.0
469,157,42,1,0.1
470,157,40,7,0.2
471,158,17,4,0.1
472,159,24,10,0.15
473,159,26,9,0.0
474,159,30,6,0.0
475,159,50,8,0.0
476,160,23,6,0.05
477,160,20,4,0.1
478,161,47,2,0.0
479,161,45,1,0.2
480,161,29,2,0.0
481,161,21,6,0.15
482,162,34,9,0.0
483,162,12,6,0.1
484,163,12,7,0.05
485,163,41,1,0.15
486,164,1,2,0.1
487,164,46,2,0.2
488,164,14,9,0.0
489,164,18,6,0.0
490,165,34,7,0.1
491,165,41,7,0.1
492,165,21,2,0.0
493,165,39,6,0.2
494,166,38,2,0.0
495,166,6,5,0.0
496,166,44,3,0.0
497,166,9,3,0.1
498,166,21,7,0.05
499,167,12,3,0.1
500,167,32,3,0.05
501,167,41,5,0.0
502,167,35,3,0.0
503,168,32,3,0.0
504,169,44,8,0.05
505,169,32,3,0.0
506,169,27,10,0.0
507,169,46,4,0.0
508,170,50,10,0.15
509,170,30,8,0.1
510,171,50,9,0.2
511,171,35,1,0.2
512,171,24,8,0.1
513,172,3,6,0.2
514,172,29,2,0.05
515,172,17,2,0.2
516,173,41,4,0.2
517,173,28,4,0.2
518,173,11,1,0.1
519,173,40,6,0.1
520,173,9,5,0.1
521,174,37,2,0.0
522,174,18,7,0.0
523,174,33,5,0.2
524,175,10,6,0.2
525,175,46,4,0.2
526,176,41,2,0.15
527,176,18,2,0.05
528,176,27,9,0.15
529,176,25,5,0.15
530,176,29,6,0.05
531,177,47,8,0.15
532,178,26,6,0.2
533,178,14,5,0.0
534,178,28,9,0.1
535,178,32,3,0.1
536,178,18,8,0.2
537,179,7,8,0.0
538,180,28,4,0.15
539,181,6,5,0.0
540,181,42,6,0.15
541,181,24,3,0.0
542,182,42,1,0.0
543,182,6,8,0.0
544,182,46,3,0.1
545,182,7,4,0.1
546,183,8,3,0.05
547,183,28,2,0.0
548,183,45,7,0.0
549,184,20,3,0.15
550,184,9,3,0.0
551,184,25,9,0.1
552,185,23,3,0.05
553,185,47,10,0.15
554,185,14,8,0.2
555,185,41,4,0.0
556,186,47,3,0.0
557,186,25,5,0.15
558,186,23,2,0.0
559,186,28,9,0.1
560,186,21,10,0.15
561,187,14,9,0.0
562,187,34,7,0.0
563,187,39,1,0.2
564,188,32,10,0.0
565,188,41,9,0.0
566,189,27,8,0.2
567,189,24,2,0.0
568,189,35,10,0.0
569,189,44,1,0.0
570,189,12,4,0.0
571,190,50,2,0.15
572,190,27,9,0.1
573,190,28,10,0.0
574,190,45,5,0.0
575,190,26,5,0.0
576,191,21,2,0.0
577,191,26,7,0.15
578,191,38,4,0.0
579,191,41,4,0.0
580,191,49,7,0.0
581,192,43,2,0.0
582,192,48,3,0.15
583,192,12,1,0.0
584,193,24,5,0.15
585,193,9,2,0.2
586,194,34,10,0.15
587,194,5,2,0.05
588,194,17,8,0.1
589,195,11,2,0.1
590,195,17,2,0.0
591,195,50,9,0.0
592,196,24,1,0.1
593,196,25,7,0.0
594,196,10,6,0.0
595,196,12,7,0.15
596,197,24,3,0.0
597,197,8,9,0.0
598,197,33,7,0.0
599,197,44,8,0.2
600,197,4,5,0.2
601,198,24,4,0.0
602,199,24,4,0.15
603,199,38,9,0.2
604,199,32,4,0.0
605,199,50,1,0.05
606,200,22,1,0.2
607,201,14,9,0.0
608,202,6,9,0.05
609,202,3,6,0.05
610,202,15,2,0.1
611,203,38,10,0.0
612,204,17,6,0.0
613,204,21,8,0.0
614,204,26,4,0.0
615,205,7,8,0.05
616,205,11,6,0.05
617,206,20,2,0.0
618,206,30,5,0.2
619,206,17,10,0.0
620,206,8,4,0.2
621,207,26,5,0.0
622,207,33,3,0.0
623,207,4,7,0.2
624,208,30,2,0.2
625,209,9,7,0.0
626,209,13,2,0.1
627,210,5,4,0.15
628,211,3,8,0.0
629,212,2,3,0.0
630,212,25,4,0.0
631,212,44,5,0.0
632,212,28,8,0.0
633,213,32,8,0.0
634,213,27,2,0.0
635,213,36,7,0.0
636,214,2,9,0.2
637,214,25,8,0.0
638,214,46,10,0.1
639,214,23,6,0.05
640,214,31,5,0.0
641,215,50,5,0.0
642,216,7,4,0.0
643,216,16,9,0.2
644,217,25,6,0.2
645,217,23,6,0.1
646,217,12,1,0.15
647,217,16,6,0.1
648,217,38,10,0.0
649,218,20,1,0.0
650,218,12,10,0.0
651,218,32,1,0.1
652,218,3,8,0.0
653,218,6,6,0.1
654,219,4,10,0.15
655,219,2,3,0.2
656,219,10,2,0.2
657,220,38,6,0.0
658,220,7,3,0.15
659,220,22,7,0.2
660,220,20,8,0.15
661,221,43,3,0.05
662,221,38,5,0.15
663,222,45,10,0.05
664,223,21,2,0.05
665,223,40,3,0.0
666,223,15,2,0.0
667,223,41,6,0.0
668,223,37,3,0.15
669,224,1,2,0.0
670,224,17,5,0.2
671,224,14,2,0.15
672,224,16,1,0.0
673,225,27,7,0.0
674,225,32,9,0.05
675,226,29,1,0.0
676,226,5,1,0.0
677,227,25,2,0.1
678,227,11,2,0.0
679,228,42,3,0.0
680,228,11,2,0.0
681,228,39,4,0.0
682,228,28,7,0.15
683,229,16,7,0.1
684,229,7,9,0.2
685,229,4,8,0.0
686,230,19,10,0.05
687,231,41,2,0.05
688,231,19,2,0.0
689,232,42,9,0.05
690,233,29,5,0.05
691,233,3,8,0.0
692,234,49,2,0.0
693,234,45,6,0.2
694,235,4,8,0.1
695,235,25,4,0.05
696,235,34,5,0.0
697,235,27,7,0.2
698,235,35,1,0.1
699,236,49,8,0.0
700,237,3,2,0.15
701,237,28,7,0.0
702,238,47,7,0.1
703,238,5,7,0.1
704,238,6,6,0.2
705,239,38,3,0.1
706,239,34,10,0.1
707,239,27,2,0.0
708,239,8,10,0.2
709,239,10,2,0.2
710,240,25,10,0.1
711,240,42,8,0.0
712,240,32,3,0.0
713,241,26,6,0.15
714,242,24,5,0.0
715,242,2,5,0.2
716,242,22,8,0.2
717,243,20,8,0.2
718,243,48,6,0.0
719,244,29,7,0.15
720,244,14,8,0.2
721,245,11,7,0.0
722,245,5,9,0.1
723,245,20,1,0.0
724,245,46,4,0.2
725,245,33,4,0.2
726,246,24,4,0.0
727,247,44,1,0.0
728,248,31,9,0.0
729,248,38,6,0.0
730,249,25,1,0.0
731,250,44,5,0.15
732,250,14,7,0.1
733,251,42,10,0.2
734,251,12,1,0.0
735,252,28,8,0.0
736,252,25,4,0.05
737,252,23,5,0.15
738,253,33,6,0.1
739,254,44,2,0.0
740,254,7,5,0.15
741,254,31,6,0.2
742,255,10,4,0.0
743,255,34,10,0.05
744,256,42,8,0.0
745,257,38,10,0.2
746,258,41,5,0.2
747,258,31,3,0.2
748,258,43,9,0.0
749,258,23,5,0.0
750,258,33,8,0.0
751,259,42,6,0.0
752,259,6,5,0.05
753,259,15,6,0.0
754,260,31,1,0.2
755,261,13,7,0.1
756,261,33,5,0.05
757,261,8,1,0.2
758,261,44,3,0.0
759,262,21,3,0.2
760,262,46,2,0.05
761,263,1,8,0.0
762,264,49,10,0.05
763,264,50,7,0.05
764,264,6,7,0.05
765,264,9,7,0.0
766,265,21,9,0.0
767,266,45,5,0.0
768,266,23,2,0.05
769,267,3,5,0.0
770,268,44,6,0.2
771,268,9,4,0.0
772,268,22,7,0.0
773,268,32,4,0.0
774,269,33,1,0.05
775,269,11,5,0.2
776,269,8,9,0.1
777,269,24,1,0.1
778,269,46,1,0.15
779,270,45,2,0.05
780,271,45,1,0.0
781,271,10,7,0.15
782,271,14,2,0.15
783,271,44,9,0.0
784,272,7,2,0.0
785,272,33,2,0.2
786,272,47,2,0.05
787,272,40,4,0.1
788,273,46,3,0.0
789,273,27,9,0.05
790,273,19,4,0.15
791,274,43,2,0.0
792,275,50,9,0.0
793,276,19,2,0.2
794,276,17,3,0.2
795,276,30,1,0.2
796,276,4,5,0.0
797,277,49,1,0.0
798,278,23,5,0.15
799,278,29,2,0.0
800,278,40,6,0.0
801,279,25,7,0.15
802,279,45,3,0.0
803,279,31,3,0.15
804,280,27,10,0.05
805,281,25,3,0.05
806,281,50,8,0.0
807,281,23,7,0.05
808,281,40,1,0.0
809,281,2,5,0.15
810,282,34,2,0.05
811,282,45,4,0.05
812,282,40,6,0.15
813,283,40,9,0.2
814,283,4,8,0.2
815,283,1,8,0.2
816,283,42,3,0.0
817,283,11,8,0.0
818,284,15,4,0.0
819,284,36,8,0.05
820,284,42,10,0.05
821,284,25,2,0.2
822,284,26,8,0.05
823,285,26,7,0.0
824,286,40,4,0.15
825,286,41,8,0.0
826,286,20,6,0.2
827,286,33,1,0.2
828,286,36,4,0.2
829,287,46,2,0.2
830,287,29,4,0.0
831,287,8,6,0.0
832,288,3,3,0.05
833,289,13,4,0.15
834,289,8,6,0.0
835,289,26,7,0.0
836,289,14,10,0.0
837,289,30,8,0.05
838,290,1,9,0.05
839,290,34,10,0.05
840,290,48,9,0.2
841,290,4,3,0.15
842,291,25,10,0.1
843,292,45,6,0.0
844,292,49,8,0.2
845,292,16,3,0.0
846,292,18,7,0.1
847,292,26,9,0.0
848,293,41,5,0.15
849,293,14,6,0.15
850,293,13,3,0.15
851,293,40,3,0.1
852,293,46,9,0.15
853,294,36,10,0.15
854,294,31,7,0.15
855,294,38,9,0.0
856,295,25,3,0.0
857,296,19,5,0.0
858,296,44,1,0.15
859,297,29,9,0.2
860,297,7,4,0.15
861,297,40,9,0.05
862,298,25,7,0.05
863,299,48,5,0.0
864,300,49,10,0.0
865,300,38,4,0.0
866,300,35,8,0.0
867,301,8,9,0.0
868,301,25,3,0.0
869,301,3,10,0.2
870,301,28,5,0.0
871,301,18,6,0.05
872,302,39,10,0.2
873,302,4,5,0.05
874,302,50,10,0.1
875,303,15,3,0.05
876,303,12,9,0.1
877,303,34,7,0.0
878,303,5,6,0.0
879,303,33,4,0.15
880,304,49,9,0.05
881,304,40,9,0.2
882,305,29,10,0.1
883,305,16,4,0.0
884,305,42,6,0.05
885,306,34,6,0.1
886,307,42,9,0.0
887,307,13,2,0.0
888,307,21,9,0.1
889,308,44,2,0.0
890,308,28,9,0.2
891,309,2,6,0.0
892,309,30,2,0.0
893,310,5,7,0.05
894,310,37,7,0.05
895,310,15,6,0.0
896,310,17,7,0.15
897,310,27,2,0.1
898,311,3,2,0.0
899,311,45,5,0.1
900,311,5,2,0.0
901,311,23,8,0.05
902,311,33,7,0.2
903,312,15,5,0.15
904,312,9,3,0.0
905,312,48,6,0.0
906,312,26,9,0.2
907,312,35,9,0.0
908,313,36,6,0.0
909,313,6,7,0.15
910,313,20,9,0.0
911,313,14,3,0.0
912,313,48,4,0.1
913,314,4,9,0.0
914,314,49,5,0.15
915,314,36,2,0.0
916,314,30,2,0.0
917,314,42,10,0.05
918,315,19,10,0.0
919,316,40,10,0.0
920,316,43,10,0.1
921,316,20,6,0.2
922,317,16,7,0.0
923,317,15,6,0.0
924,317,46,6,0.05
925,318,36,10,0.0
926,318,7,5,0.2
927,318,12,3,0.1
928,318,42,4,0.0
929,319,33,1,0.2
930,320,36,5,0.1
931,321,26,10,0.15
932,321,15,5,0.0
933,321,50,8,0.1
934,322,1,3,0.2
935,322,43,9,0.0
936,322,16,8,0.0
937,322,40,3,0.1
938,322,44,10,0.15
939,323,49,4,0.0
940,323,32,5,0.0
941,324,24,1,0.15
942,324,25,6,0.0
943,324,31,9,0.15
944,324,30,5,0.2
945,324,3,5,0.1
946,325,24,9,0.0
947,325,38,7,0.0
948,325,42,9,0.05
949,325,5,6,0.2
950,326,1,4,0.0
951,326,33,9,0.15
952,326,9,5,0.0
953,326,29,3,0.0
954,326,11,3,0.0
955,327,22,8,0.05
956,327,47,4,0.1
957,327,8,3,0.15
958,327,31,7,0.0
959,328,41,1,0.1
960,328,33,3,0.0
961,329,37,5,0.0
962,329,41,4,0.05
963,329,2,10,0.05
964,329,47,8,0.0
965,329,43,4,0.2
966,330,43,6,0.05
967,330,33,10,0.1
968,330,17,2,0.0
969,330,11,7,0.05
970,330,47,3,0.0
971,331,39,3,0.05
972,331,7,10,0.1
973,332,31,3,0.1
974,333,27,7,0.0
975,333,24,8,0.2
976,333,3,7,0.0
977,333,45,10,0.2
978,333,34,10,0.0
979,334,6,10,0.1
980,334,19,7,0.0
981,335,34,4,0.15
982,335,8,6,0.05
983,335,1,6,0.0
984,335,25,3,0.05
985,335,42,10,0.0
986,336,18,7,0.1
987,336,44,9,0.05
988,336,26,3,0.0
989,336,49,9,0.1
990,336,14,8,0.0
991,337,43,4,0.05
992,337,8,3,0.0
993,338,40,3,0.05
994,338,45,1,0.2
995,338,44,2,0.2
996,338,46,3,0.05
997,338,4,10,0.05
998,339,6,7,0.05
999,339,39,10,0.15
1000,339,3,9,0.0
1001,340,29,9,0.0
1002,340,1,4,0.0
1003,340,13,10,0.1
1004,340,43,9,0.15
1005,341,16,3,0.0
1006,341,42,5,0.2
1007,341,1,7,0.0
1008,342,1,9,0.0
1009,342,48,9,0.1
1010,342,46,6,0.0
1011,342,5,5,0.0
1012,342,6,10,0.0
1013,343,12,2,0.1
1014,343,27,2,0.1
1015,343,33,5,0.0
1016,344,25,4,0.2
1017,344,37,6,0.2
1018,344,31,8,0.15
1019,344,50,8,0.1
1020,345,25,4,0.15
1021,346,23,5,0.0
1022,346,34,5,0.0
1023,346,35,7,0.15
1024,346,1,6,0.0
1025,347,14,3,0.15
1026,347,37,4,0.05
1027,347,18,4,0.0
1028,348,15,4,0.2
1029,348,13,10,0.0
1030,349,40,1,0.2
1031,349,1,8,0.0
1032,349,49,10,0.0
1033,349,35,8,0.1
1034,350,15,1,0.1
1035,350,49,7,0.05
1036,350,37,9,0.0
1037,350,9,9,0.0
1038,351,8,6,0.15
1039,351,45,1,0.0
1040,351,34,4,0.05
1041,351,30,10,0.0
1042,352,36,4,0.0
1043,352,17,8,0.1
1044,353,14,6,0.0
1045,353,27,7,0.0
1046,353,45,8,0.0
1047,353,49,10,0.0
1048,354,16,7,0.0
1049,354,36,3,0.2
1050,354,28,3,0.05
1051,355,41,9,0.15
1052,355,34,6,0.2
1053,356,7,4,0.2
1054,356,45,5,0.05
1055,356,11,2,0.05
1056,356,4,6,0.0
1057,357,2,6,0.2
1058,357,27,10,0.0
1059,357,8,10,0.1
1060,358,23,9,0.05
1061,358,21,8,0.0
1062,358,44,7,0.1
1063,359,41,7,0.15
1064,359,22,10,0.1
1065,360,15,5,0.15
1066,360,21,5,0.1
1067,360,42,7,0.0
1068,361,11,4,0.15
1069,361,12,5,0.15
1070,361,2,2,0.0
1071,361,9,3,0.05
1072,362,4,2,0.0
1073,362,2,5,0.1
1074,362,50,3,0.0
1075,362,26,7,0.0
1076,362,34,4,0.0
1077,363,34,1,0.0
1078,363,11,6,0.2
1079,364,29,10,0.1
1080,364,9,8,0.15
1081,364,45,10,0.05
1082,364,35,9,0.15
1083,364,12,9,0.0
1084,365,29,5,0.0
1085,366,1,9,0.2
1086,367,35,8,0.0
1087,367,1,1,0.2
1088,367,45,7,0.2
1089,367,32,5,0.1
1090,368,27,7,0.05
1091,368,36,4,0.0
1092,369,17,7,0.15
1093,369,6,4,0.1
1094,370,42,5,0.05
1095,370,48,4,0.2
1096,370,35,2,0.0
1097,371,29,4,0.0
1098,371,18,1,0.0
1099,371,45,1,0.1
1100,371,40,1,0.0
1101,371,32,2,0.0
1102,372,15,2,0.0
1103,373,20,1,0.0
1104,373,32,2,0.2
1105,373,24,3,0.0
1106,373,30,5,0.2
1107,374,13,7,0.2
1108,374,17,1,0.0
1109,375,48,4,0.05
1110,375,3,2,0.1
1111,376,21,1,0.15
1112,376,11,9,0.1
1113,376,41,2,0.0
1114,377,4,2,0.0
1115,377,43,7,0.0
1116,377,14,1,0.0
1117,378,1,10,0.2
1118,378,3,8,0.15
1119,379,11,2,0.15
1120,379,32,10,0.0
1121,380,42,9,0.2
1122,380,10,2,0.0
1123,380,45,8,0.0
1124,381,47,7,0.0
1125,381,13,3,0.0
1126,381,2,1,0.05
1127,381,45,8,0.1
1128,382,37,9,0.0
1129,382,12,6,0.15
1130,383,34,3,0.05
1131,384,1,7,0.15
1132,384,50,3,0.0
1133,384,41,10,0.2
1134,384,33,6,0.2
1135,385,25,9,0.0
1136,385,13,10,0.0
1137,385,34,6,0.05
1138,385,44,6,0.0
1139,385,32,2,0.1
1140,386,3,2,0.05
1141,386,13,4,0.0
1142,387,34,5,0.0
1143,387,40,6,0.0
1144,387,45,10,0.15
1145,387,38,2,0.0
1146,388,41,7,0.2
1147,388,4,6,0.2
1148,388,24,1,0.2
1149,388,36,10,0.0
1150,389,5,2,0.0
1151,389,14,4,0.1
1152,389,34,7,0.0
1153,390,41,2,0.2
1154,390,12,10,0.0
1155,390,36,8,0.15
1156,390,48,7,0.0
1157,390,27,3,0.2
1158,391,35,8,0.0
1159,391,39,6,0.1
1160,392,39,9,0.0
1161,392,16,7,0.2
1162,392,37,9,0.15
1163,393,1,10,0.0
1164,393,47,9,0.0
1165,393,3,5,0.0
1166,393,19,5,0.0
1167,394,33,1,0.05
1168,394,36,6,0.0
1169,394,37,3,0.0
1170,394,10,6,0.1
1171,394,7,4,0.0
1172,395,14,3,0.05
1173,395,47,10,0.2
1174,395,5,2,0.1
1175,395,21,5,0.0
1176,395,31,10,0.05
1177,396,28,4,0.15
1178,396,27,10,0.0
1179,396,8,7,0.0
1180,397,37,4,0.0
1181,397,10,1,0.15
1182,397,21,7,0.05
1183,397,33,10,0.1
1184,397,45,9,0.0
1185,398,9,2,0.05
1186,398,22,10,0.15
1187,399,26,9,0.05
1188,400,36,10,0.0
1189,400,13,9,0.1
1190,400,32,9,0.0
1191,400,26,4,0.0
1192,401,43,7,0.05
1193,402,39,5,0.0
1194,402,42,6,0.1
1195,402,2,8,0.1
1196,403,44,3,0.2
1197,403,24,2,0.0
1198,404,1,2,0.0
1199,404,22,8,0.05
1200,404,45,1,0.0
1201,405,34,10,0.15
1202,405,49,3,0.15
1203,405,17,1,0.05
1204,405,36,10,0.15
1205,405,31,9,0.0
1206,406,45,5,0.0
1207,406,40,8,0.15
1208,407,7,7,0.0
1209,407,2,7,0.1
1210,407,19,2,0.0
1211,408,13,8,0.1
1212,408,33,1,0.0
1213,409,26,6,0.15
1214,409,48,6,0.0
1215,409,11,5,0.0
1216,409,2,9,0.0
1217,410,36,5,0.0
1218,411,47,7,0.1
1219,412,16,5,0.1
1220,412,37,6,0.05
1221,412,10,9,0.0
1222,412,28,4,0.15
1223,413,20,9,0.0
1224,413,45,7,0.2
1225,414,5,2,0.0
1226,414,36,6,0.2
1227,414,35,3,0.15
1228,415,29,5,0.0
1229,415,48,4,0.0
1230,415,41,3,0.0
1231,416,37,1,0.0
1232,416,40,2,0.15
1233,416,15,8,0.0
1234,416,39,9,0.2
1235,416,44,10,0.05
1236,417,32,4,0.0
1237,417,31,1,0.05
1238,417,9,1,0.0
1239,417,11,7,0.0
1240,418,12,8,0.2
1241,419,16,1,0.1
1242,419,28,7,0.15
1243,419,26,6,0.05
1244,419,50,10,0.15
1245,420,7,9,0.1
1246,420,29,7,0.15
1247,420,30,1,0.1
1248,420,3,7,0.1
1249,420,16,1,0.0
1250,421,30,5,0.1
1251,421,11,1,0.15
1252,421,28,9,0.0
1253,422,8,9,0.0
1254,422,12,7,0.05
1255,422,50,6,0.05
1256,422,38,1,0.0
1257,422,45,8,0.1
1258,423,21,3,0.15
1259,423,45,2,0.0
1260,423,42,2,0.15
1261,424,46,3,0.05
1262,424,25,9,0.05
1263,424,47,1,0.2
1264,424,33,3,0.0
1265,424,40,10,0.2
1266,425,50,1,0.05
1267,425,46,5,0.0
1268,426,9,4,0.0
1269,427,32,8,0.0
1270,427,35,4,0.1
1271,427,1,8,0.05
1272,427,39,7,0.05
1273,428,36,10,0.15
1274,428,18,9,0.2
1275,429,42,6,0.0
1276,430,6,7,0.0
1277,430,4,3,0.15
1278,430,7,5,0.1
1279,431,48,2,0.2
1280,431,38,5,0.0
1281,431,24,6,0.05
1282,431,3,2,0.2
1283,432,9,6,0.1
1284,432,8,7,0.1
1285,432,45,4,0.15
1286,432,18,4,0.1
1287,433,47,5,0.05
1288,433,45,10,0.2
1289,433,39,6,0.0
1290,433,46,9,0.1
1291,434,47,4,0.15
1292,434,41,5,0.0
1293,434,32,1,0.0
1294,434,12,1,0.05
1295,434,40,2,0.15
1296,435,22,6,0.1
1297,436,17,5,0.1
1298,436,5,9,0.0
1299,436,20,1,0.0
1300,437,40,6,0.15
1301,437,2,8,0.05
1302,437,12,1,0.15
1303,437,13,3,0.05
1304,437,22,3,0.15
1305,438,48,10,0.15
1306,438,4,6,0.1
1307,438,34,9,0.0
1308,438,20,4,0.1
1309,439,10,5,0.2
1310,440,39,5,0.15
1311,440,25,6,0.15
1312,440,12,1,0.0
1313,440,8,7,0.0
1314,440,49,8,0.0
1315,441,34,3,0.0
1316,441,20,6,0.2
1317,442,2,6,0.05
1318,442,31,9,0.0
1319,442,33,6,0.0
1320,442,10,2,0.2
1321,442,13,9,0.15
1322,443,25,1,0.0
1323,443,46,1,0.15
1324,443,34,10,0.2
1325,443,8,2,0.0
1326,444,37,5,0.15
1327,445,18,8,0.15
1328,445,35,2,0.0
1329,445,21,3,0.0
1330,446,35,9,0.0
1331,446,23,5,0.0
1332,447,5,10,0.0
1333,447,20,9,0.05
1334,448,7,7,0.0
1335,449,38,6,0.0
1336,449,41,6,0.2
1337,449,45,4,0.15
1338,449,29,9,0.0
1339,449,40,8,0.1
1340,450,30,5,0.15
1341,451,15,6,0.05
1342,451,10,3,0.15
1343,451,40,6,0.2
1344,451,17,6,0.05
1345,452,23,8,0.05
1346,453,37,2,0.0
1347,453,9,9,0.15
1348,453,33,2,0.2
1349,453,7,5,0.1
1350,453,26,8,0.05
1351,454,11,4,0.2
1352,454,31,10,0.05
1353,454,25,7,0.1
1354,454,5,6,0.1
1355,454,22,4,0.0
1356,455,38,10,0.05
1357,456,20,2,0.1
1358,456,26,2,0.15
1359,457,6,4,0.2
1360,458,43,8,0.1
1361,458,10,5,0.05
1362,459,44,5,0.1
1363,459,21,5,0.05
1364,460,33,6,0.1
1365,460,26,1,0.0
1366,460,9,9,0.2
1367,460,19,6,0.0
1368,460,4,5,0.2
1369,461,46,7,0.05
1370,461,25,9,0.0
1371,461,26,3,0.05
1372,462,27,3,0.0
1373,462,10,1,0.0
1374,462,19,1,0.0
1375,463,6,7,0.2
1376,463,9,8,0.2
1377,464,33,7,0.0
1378,464,28,4,0.0
1379,464,36,7,0.1
1380,464,29,1,0.1
1381,465,35,1,0.1
1382,465,37,8,0.15
1383,465,24,6,0.0
1384,465,3,10,0.05
1385,466,34,8,0.15
1386,466,6,2,0.15
1387,466,40,9,0.2
1388,466,16,10,0.0
1389,467,30,6,0.05
1390,467,33,6,0.2
1391,467,31,5,0.0
1392,467,37,3,0.0
1393,468,17,3,0.1
1394,468,4,1,0.15
1395,468,41,5,0.2
1396,468,31,10,0.0
1397,468,38,5,0.05
1398,469,17,5,0.0
1399,469,9,5,0.0
1400,469,40,2,0.1
1401,470,24,4,0.05
1402,470,12,3,0.2
1403,470,17,9,0.2
1404,470,45,1,0.0
1405,471,49,4,0.15
1406,471,27,8,0.15
1407,471,50,3,0.0
1408,471,25,10,0.15
1409,472,4,3,0.05
1410,473,15,5,0.0
1411,473,25,9,0.2
1412,473,44,7,0.0
1413,473,46,5,0.2
1414,473,31,8,0.05
1415,474,35,6,0.2
1416,475,18,10,0.05
1417,475,7,8,0.2
1418,475,17,4,0.15
1419,476,22,9,0.0
1420,476,44,1,0.2
1421,476,45,2,0.0
1422,476,12,7,0.0
1423,476,21,9,0.0
1424,477,17,1,0.1
1425,477,13,2,0.0
1426,477,3,10,0.15
1427,478,6,10,0.0
1428,479,45,3,0.0
1429,480,18,6,0.0
1430,480,50,3,0.2
1431,480,28,2,0.0
1432,480,45,1,0.05
1433,481,12,8,0.0
1434,481,29,10,0.05
1435,481,5,3,0.15
1436,482,40,2,0.05
1437,482,42,5,0.0
1438,483,2,1,0.0
1439,483,32,7,0.0
1440,483,10,3,0.15
1441,483,42,6,0.05
1442,484,28,2,0.1
1443,484,26,4,0.0
1444,484,47,7,0.15
1445,484,50,8,0.0
1446,485,26,2,0.0
1447,485,4,9,0.2
1448,485,41,6,0.0
1449,486,36,7,0.15
1450,486,3,4,0.0
1451,487,6,4,0.0
1452,487,41,1,0.0
1453,487,29,1,0.15
1454,487,48,10,0.0
1455,488,35,6,0.0
1456,488,29,6,0.2
1457,488,2,1,0.05
1458,488,3,2,0.0
1459,489,10,1,0.15
1460,489,48,3,0.05
1461,489,38,1,0.05
1462,489,15,10,0.0
1463,489,5,4,0.15
1464,490,20,2,0.05
1465,491,8,8,0.1
1466,492,22,6,0.0
1467,492,48,10,0.1
1468,492,44,3,0.0
1469,492,26,4,0.2
1470,493,8,5,0.0
1471,494,11,3,0.0
1472,494,29,10,0.05
1473,494,16,3,0.0
1474,494,38,8,0.0
1475,494,3,1,0.0
1476,495,45,4,0.0
1477,495,50,5,0.1
1478,495,31,8,0.05
1479,495,9,4,0.0
1480,496,40,6,0.05
1481,496,6,1,0.1
1482,496,41,4,0.0
1483,496,20,2,0.1
1484,497,50,5,0.0
1485,497,41,4,0.0
1486,497,43,3,0.15
1487,497,14,8,0.05
1488,498,42,6,0.0
1489,499,49,1,0.1
1490,499,30,3,0.0
1491,499,3,1,0.05
1492,499,7,9,0.0
1493,499,48,2,0.0
1494,500,13,4,0.2
1495,500,48,2,0.0
1496,500,44,4,0.0
1497,500,21,4,0.15
1498,501,31,10,0.05
1499,502,30,8,0.15
1500,502,12,4,0.15
1501,502,25,6,0.0
1502,502,24,4,0.0
1503,502,9,3,0.0
1504,503,8,8,0.05
1505,503,30,3,0.2
1506,504,11,7,0.2
1507,504,37,9,0.05
1508,504,36,4,0.1
1509,504,15,8,0.2
1510,504,6,8,0.0
1511,505,21,10,0.0
1512,505,28,10,0.0
1513,506,31,9,0.0
1514,507,29,8,0.0
1515,508,14,4,0.15
1516,508,9,2,0.0
1517,508,23,8,0.15
1518,508,19,5,0.0
1519,509,30,7,0.0
1520,509,50,6,0.15
1521,509,9,8,0.15
1522,509,46,1,0.2
1523,510,3,10,0.1
1524,510,19,10,0.2
1525,510,28,4,0.2
1526,510,49,2,0.1
1527,510,18,6,0.15
1528,511,8,7,0.0
1529,512,12,2,0.1
1530,512,42,4,0.0
1531,512,36,6,0.0
1532,513,45,6,0.0
1533,513,14,5,0.1
1534,513,49,7,0.0
1535,513,48,1,0.0
1536,513,15,6,0.0
1537,514,46,8,0.1
1538,514,35,6,0.2
1539,514,44,2,0.0
1540,514,19,8,0.0
1541,515,7,3,0.0
1542,516,14,1,0.0
1543,516,34,7,0.15
1544,517,29,5,0.0
1545,517,48,2,0.0
1546,517,42,4,0.2
1547,517,2,9,0.15
1548,518,32,9,0.2
1549,518,38,9,0.05
1550,518,43,8,0.0
1551,519,17,8,0.0
1552,519,15,5,0.2
1553,520,11,5,0.0
1554,520,40,3,0.2
1555,520,46,3,0.0
1556,520,35,4,0.0
1557,521,17,9,0.15
1558,521,24,1,0.15
1559,521,12,6,0.0
1560,521,14,3,0.0
1561,522,2,7,0.05
1562,523,1,9,0.1
1563,523,48,6,0.15
1564,524,43,6,0.15
1565,524,10,2,0.15
1566,524,37,8,0.0
1567,524,47,3,0.15
1568,524,29,9,0.0
1569,525,23,10,0.15
1570,525,6,4,0.1
1571,525,21,9,0.0
1572,525,4,5,0.0
1573,526,33,7,0.0
1574,527,26,7,0.0
1575,527,10,7,0.0
1576,527,46,1,0.0
1577,528,6,7,0.2
1578,528,14,8,0.0
1579,528,47,3,0.2
1580,528,29,7,0.15
1581,528,48,7,0.0
1582,529,20,9,0.0
1583,529,31,2,0.1
1584,530,41,9,0.05
1585,530,18,10,0.2
1586,530,27,3,0.0
1587,530,12,3,0.2
1588,531,20,10,0.0
1589,532,2,3,0.0
1590,532,1,5,0.15
1591,533,12,4,0.0
1592,533,32,2,0.2
1593,533,45,5,0.05
1594,533,42,2,0.1
1595,534,28,2,0.0
1596,534,17,9,0.15
1597,534,41,10,0.0
1598,534,44,5,0.0
1599,534,31,10,0.0
1600,535,11,6,0.05
1601,535,4,6,0.0
1602,535,18,5,0.0
1603,536,49,10,0.2
1604,536,7,3,0.1
1605,537,44,2,0.1
1606,537,45,10,0.0
1607,537,24,3,0.0
1608,538,27,4,0.0
1609,538,22,9,0.0
1610,538,11,4,0.2
1611,538,7,9,0.1
1612,539,30,1,0.05
1613,539,5,6,0.0
1614,539,8,6,0.0
1615,539,9,8,0.1
1616,540,48,2,0.0
1617,541,9,7,0.15
1618,541,14,2,0.0
1619,541,6,1,0.2
1620,542,3,9,0.1
1621,543,5,5,0.15
1622,544,14,6,0.0
1623,544,38,2,0.0
1624,544,13,5,0.1
1625,544,12,6,0.0
1626,544,43,3,0.2
1627,545,38,1,0.1
1628,546,1,8,0.0
1629,546,47,10,0.0
1630,546,7,8,0.15
1631,546,14,2,0.0
1632,546,33,6,0.05
1633,547,8,2,0.1
1634,547,49,3,0.05
1635,547,21,6,0.15
1636,547,30,5,0.1
1637,548,8,10,0.15
1638,548,25,5,0.15
1639,548,19,8,0.0
1640,548,30,9,0.05
1641,549,44,8,0.15
1642,549,24,2,0.05
1643,549,12,8,0.1
1644,549,1,2,0.0
1645,550,5,4,0.0
1646,550,24,4,0.1
1647,551,18,10,0.1
1648,551,49,5,0.2
1649,551,46,7,0.0
1650,551,50,8,0.15
1651,552,50,2,0.0
1652,552,30,5,0.05
1653,553,7,1,0.2
1654,554,25,6,0.0
1655,554,39,5,0.1
1656,555,50,8,0.05
1657,555,32,9,0.0
1658,555,30,9,0.0
1659,555,13,9,0.1
1660,555,19,1,0.2
1661,556,21,1,0.0
1662,556,25,3,0.1
1663,556,29,5,0.15
1664,556,30,3,0.05
1665,557,49,8,0.15
1666,557,8,9,0.15
1667,557,37,9,0.1
1668,557,44,8,0.05
1669,558,17,10,0.15
1670,558,32,6,0.2
1671,558,38,5,0.0
1672,558,25,1,0.0
1673,559,48,6,0.05
1674,559,38,2,0.05
1675,559,2,6,0.0
1676,560,16,5,0.1
1677,560,42,2,0.15
1678,561,2,6,0.0
1679,561,35,8,0.15
1680,562,2,10,0.0
1681,562,45,6,0.05
1682,562,31,10,0.05
1683,563,45,4,0.0
1684,564,40,6,0.05
1685,564,20,4,0.05
1686,565,17,10,0.05
1687,565,4,4,0.1
1688,565,20,2,0.15
1689,566,5,8,0.05
1690,566,37,4,0.0
1691,566,34,2,0.15
1692,567,43,7,0.05
1693,567,35,5,0.1
1694,567,21,9,0.05
1695,567,13,9,0.0
1696,568,32,5,0.15
1697,568,14,9,0.2
1698,568,43,10,0.2
1699,568,48,7,0.1
1700,568,30,1,0.1
1701,569,10,5,0.2
1702,569,48,7,0.05
1703,570,18,5,0.15
1704,570,19,10,0.0
1705,570,42,7,0.0
1706,570,11,2,0.0
1707,571,32,1,0.0
1708,571,36,3,0.0
1709,571,28,3,0.0
1710,571,42,5,0.2
1711,572,47,8,0.2
1712,573,39,7,0.0
1713,573,20,2,0.05
1714,573,5,3,0.0
1715,574,43,8,0.0
1716,574,38,4,0.1
1717,574,50,2,0.2
1718,574,34,6,0.0
1719,574,17,10,0.15
1720,575,7,4,0.0
1721,575,12,8,0.05
1722,576,24,7,0.05
1723,576,45,4,0.0
1724,576,8,3,0.0
1725,576,21,8,0.15
1726,576,35,6,0.2
1727,577,45,4,0.0
1728,578,35,4,0.2
1729,579,20,4,0.0
1730,579,6,4,0.2
1731,579,49,3,0.05
1732,580,18,2,0.2
1733,581,46,3,0.15
1734,581,28,5,0.1
1735,581,7,2,0.0
1736,582,45,3,0.15
1737,582,2,8,0.2
1738,582,49,3,0.0
1739,582,4,7,0.0
1740,583,11,4,0.1
1741,584,44,3,0.0
1742,584,27,3,0.15
1743,584,21,10,0.2
1744,584,29,6,0.2
1745,584,31,5,0.0
1746,585,25,1,0.1
1747,585,37,10,0.15
1748,585,15,4,0.0
1749,585,2,8,0.0
1750,586,26,10,0.05
1751,587,11,1,0.15
1752,587,37,9,0.05
1753,587,8,8,0.2
1754,588,13,5,0.15
1755,588,18,8,0.05
1756,589,14,7,0.0
1757,589,19,7,0.2
1758,589,47,3,0.0
1759,589,44,5,0.0
1760,589,13,4,0.1
1761,590,1,8,0.0
1762,591,46,5,0.0
1763,591,28,2,0.1
1764,591,48,1,0.0
1765,591,39,6,0.0
1766,592,17,9,0.1
1767,593,36,10,0.0
1768,593,3,5,0.0
1769,594,6,9,0.05
1770,594,21,3,0.0
1771,595,18,5,0.0
1772,595,48,10,0.2
1773,595,24,5,0.1
1774,595,28,6,0.05
1775,596,36,8,0.0
1776,596,43,4,0.0
1777,597,17,7,0.0
1778,597,11,8,0.0
1779,597,46,8,0.0
1780,597,30,9,0.05
1781,598,23,2,0.0
1782,599,18,10,0.0
1783,599,37,9,0.2
1784,599,43,10,0.0
1785,599,38,7,0.0
1786,599,14,4,0.2
1787,600,19,2,0.05
1788,601,2,8,0.2
1789,601,6,8,0.05
1790,602,3,8,0.0
1791,602,42,10,0.0
1792,602,40,4,0.2
1793,603,48,2,0.1
1794,604,12,7,0.0
1795,604,16,1,0.2
1796,604,50,4,0.0
1797,605,20,8,0.2
1798,606,43,9,0.0
1799,606,7,8,0.05
1800,606,24,7,0.05
1801,607,49,7,0.2
1802,608,6,8,0.15
1803,608,3,4,0.15
1804,608,33,3,0.05
1805,608,22,9,0.15
1806,609,28,3,0.0
1807,609,6,5,0.2
1808,609,31,4,0.1
1809,609,20,7,0.0
1810,610,33,2,0.1
1811,611,17,9,0.0
1812,611,23,2,0.15
1813,611,38,8,0.0
1814,611,6,3,0.2
1815,611,50,7,0.0
1816,612,38,8,0.1
1817,612,47,5,0.0
1818,612,30,3,0.0
1819,613,28,9,0.0
1820,614,42,8,0.15
1821,614,31,7,0.2
1822,615,40,7,0.2
1823,615,24,5,0.0
1824,615,45,3,0.0
1825,616,2,8,0.15
1826,616,14,3,0.15
1827,617,20,8,0.0
1828,618,10,8,0.05
1829,618,48,8,0.0
1830,619,37,6,0.0
1831,619,26,2,0.15
1832,619,4,7,0.05
1833,620,32,7,0.05
1834,621,46,9,0.0
1835,621,4,7,0.1
1836,622,31,6,0.05
1837,622,8,7,0.0
1838,622,32,3,0.0
1839,622,40,4,0.05
1840,623,44,8,0.0
1841,623,22,5,0.15
1842,623,39,7,0.05
1843,623,46,6,0.2
1844,623,43,8,0.2
1845,624,43,8,0.0
1846,625,27,8,0.0
1847,626,23,5,0.0
1848,627,22,7,0.0
1849,628,17,1,0.2
1850,628,22,9,0.0
1851,628,23,3,0.2
1852,628,50,9,0.1
1853,629,30,10,0.1
1854,629,49,2,0.2
1855,629,8,9,0.0
1856,629,7,9,0.0
1857,630,11,8,0.2
1858,630,47,9,0.05
1859,630,19,2,0.0
1860,631,13,8,0.05
1861,632,19,2,0.0
1862,632,33,6,0.15
1863,632,11,7,0.0
1864,633,27,9,0.2
1865,633,15,6,0.0
1866,633,9,8,0.0
1867,633,28,1,0.15
1868,633,30,9,0.0
1869,634,28,7,0.2
1870,634,4,1,0.15
1871,635,19,9,0.2
1872,635,27,5,0.15
1873,635,26,6,0.0
1874,635,44,1,0.2
1875,635,45,5,0.1
1876,636,42,10,0.15
1877,636,14,8,0.15
1878,636,35,6,0.2
1879,636,40,7,0.2
1880,637,22,9,0.1
1881,637,25,5,0.0
1882,637,47,2,0.1
1883,637,48,9,0.0
1884,637,9,9,0.0
1885,638,35,10,0.0
1886,639,8,9,0.0
1887,639,47,2,0.0
1888,639,4,2,0.05
1889,639,24,5,0.1
1890,639,17,1,0.05
1891,640,20,10,0.15
1892,640,19,3,0.15
1893,640,43,7,0.1
1894,641,38,2,0.0
1895,641,13,7,0.2
1896,641,50,7,0.0
1897,641,24,2,0.0
1898,641,30,7,0.0
1899,642,44,10,0.1
1900,642,34,9,0.2
1901,642,26,7,0.2
1902,643,45,3,0.0
1903,643,32,9,0.0
1904,643,47,8,0.15
1905,643,27,8,0.0
1906,644,30,1,0.15
1907,644,31,3,0.1
1908,645,8,6,0.1
1909,646,24,5,0.0
1910,647,10,7,0.0
1911,647,38,5,0.0
1912,648,8,9,0.0
1913,649,20,8,0.2
1914,649,37,10,0.0
1915,649,29,3,0.1
1916,649,22,8,0.2
1917,649,25,8,0.15
1918,650,40,10,0.05
1919,651,3,2,0.2
1920,651,43,3,0.15
1921,651,29,1,0.1
1922,651,48,5,0.1
1923,651,18,2,0.15
1924,652,34,1,0.0
1925,652,13,9,0.0
1926,652,49,1,0.0
1927,652,31,4,0.0
1928,652,33,10,0.05
1929,653,38,6,0.05
1930,653,3,3,0.05
1931,653,32,1,0.2
1932,653,2,9,0.0
1933,654,35,3,0.0
1934,655,20,3,0.0
1935,655,27,10,0.0
1936,656,25,3,0.05
1937,656,7,6,0.0
1938,656,21,7,0.2
1939,657,38,9,0.05
1940,657,16,2,0.0
1941,657,32,1,0.0
1942,657,33,8,0.1
1943,657,49,7,0.0
1944,658,18,9,0.1
1945,659,37,2,0.2
1946,659,27,9,0.0
1947,659,29,3,0.0
1948,660,28,8,0.2
1949,660,36,10,0.0
1950,660,29,3,0.0
1951,660,3,1,0.05
1952,660,1,5,0.1
1953,661,38,5,0.0
1954,661,33,3,0.15
1955,662,26,2,0.2
1956,663,40,6,0.15
1957,663,33,6,0.15
1958,664,43,6,0.0
1959,664,21,8,0.1
1960,665,39,8,0.0
1961,666,45,9,0.0
1962,666,46,2,0.1
1963,666,32,1,0.2
1964,666,49,8,0.15
1965,666,26,2,0.0
1966,667,50,1,0.0
1967,667,45,8,0.0
1968,668,49,5,0.15
1969,669,41,6,0.0
1970,669,20,5,0.05
1971,669,46,10,0.0
1972,669,15,1,0.0
1973,669,32,7,0.0
1974,670,36,10,0.15
1975,670,13,10,0.1
1976,671,9,5,0.1
1977,672,44,9,0.1
1978,672,2,5,0.15
1979,673,21,7,0.2
1980,674,24,4,0.0
1981,674,34,5,0.05
1982,674,49,9,0.05
1983,674,3,6,0.0
1984,675,2,2,0.0
1985,675,48,4,0.0
1986,675,15,6,0.0
1987,675,45,2,0.15
1988,675,28,2,0.0
1989,676,41,8,0.0
1990,676,22,6,0.2
1991,676,17,1,0.2
1992,676,16,6,0.1
1993,676,7,4,0.0
1994,677,41,8,0.1
1995,678,21,1,0.2
1996,678,45,8,0.0
1997,678,5,5,0.1
1998,678,9,7,0.0
1999,679,25,10,0.2
2000,679,26,7,0.0
2001,679,7,10,0.2
2002,680,30,6,0.15
2003,680,28,1,0.05
2004,680,40,9,0.0
2005,680,7,10,0.0
2006,681,13,5,0.0
2007,681,37,7,0.05
2008,681,9,10,0.05
2009,681,41,3,0.0
2010,681,33,3,0.2
2011,682,28,5,0.1
2012,682,33,9,0.2
2013,682,42,3,0.0
2014,682,49,8,0.0
2015,682,23,10,0.0
2016,683,16,9,0.2
2017,684,13,4,0.2
2018,684,41,2,0.0
2019,685,45,5,0.05
2020,685,22,6,0.0
2021,685,38,2,0.05
2022,685,37,1,0.05
2023,685,40,4,0.0
2024,686,40,6,0.2
2025,686,14,7,0.0
2026,686,16,7,0.0
2027,686,31,1,0.0
2028,687,8,10,0.2
2029,687,10,6,0.0
2030,687,19,1,0.0
2031,687,29,4,0.0
2032,687,13,3,0.0
2033,688,13,3,0.2
2034,688,2,5,0.0
2035,689,22,4,0.0
2036,690,34,7,0.15
2037,690,40,2,0.0
2038,691,35,6,0.0
2039,691,25,10,0.05
2040,692,19,5,0.2
2041,692,10,3,0.2
2042,692,21,9,0.1
2043,692,16,8,0.0
2044,692,4,2,0.2
2045,693,33,9,0.0
2046,693,25,8,0.1
2047,694,45,10,0.05
2048,694,31,10,0.15
2049,694,46,1,0.0
2050,694,32,4,0.0
2051,694,18,8,0.2
2052,695,25,5,0.1
2053,695,37,2,0.0
2054,695,11,2,0.0
2055,695,24,8,0.1
2056,696,33,8,0.05
2057,696,40,7,0.05
2058,696,22,6,0.2
2059,696,28,8,0.0
2060,697,15,6,0.0
2061,697,17,5,0.2
2062,697,42,9,0.1
2063,697,5,9,0.15
2064,698,5,6,0.0
2065,699,17,5,0.0
2066,699,20,10,0.0
2067,699,48,9,0.0
2068,700,26,1,0.05
2069,700,38,9,0.2
2070,700,49,3,0.2
2071,700,42,7,0.0
2072,701,38,8,0.0
2073,701,36,2,0.0
2074,701,49,4,0.05
2075,701,30,7,0.0
2076,701,47,8,0.05
2077,702,9,6,0.0
2078,702,20,4,0.05
2079,702,48,7,0.15
2080,702,1,7,0.2
2081,702,32,9,0.0
2082,703,10,10,0.15
2083,703,22,10,0.1
2084,704,5,8,0.0
2085,704,35,6,0.1
2086,704,25,8,0.15
2087,704,13,5,0.0
2088,705,45,10,0.05
2089,706,19,9,0.0
2090,706,14,8,0.0
2091,706,15,6,0.1
2092,706,43,1,0.0
2093,707,9,9,0.05
2094,708,14,7,0.2
2095,708,20,8,0.0
2096,709,46,1,0.0
2097,709,44,8,0.0
2098,709,30,7,0.1
2099,709,18,4,0.1
2100,709,13,6,0.1
2101,710,19,8,0.0
2102,711,40,3,0.1
2103,711,12,7,0.05
2104,711,27,7,0.15
2105,711,16,3,0.15
2106,712,11,9,0.0
2107,712,18,2,0.15
2108,713,8,9,0.2
2109,713,24,6,0.05
2110,713,5,8,0.0
2111,713,49,5,0.0
2112,713,7,9,0.0
2113,714,22,7,0.0
2114,714,48,1,0.0
2115,714,26,2,0.15
2116,714,13,3,0.0
2117,715,6,9,0.15
2118,716,11,2,0.0
2119,716,2,5,0.0
2120,716,39,9,0.15
2121,717,10,3,0.0
2122,717,29,1,0.15
2123,717,23,9,0.0
2124,718,45,10,0.0
2125,718,20,1,0.2
2126,718,29,7,0.2
2127,718,4,4,0.0
2128,719,27,1,0.0
2129,720,7,3,0.15
2130,720,43,3,0.0
2131,721,36,10,0.0
2132,721,41,9,0.05
2133,721,13,7,0.0
2134,722,12,6,0.0
2135,722,1,7,0.0
2136,722,26,8,0.0
2137,723,24,5,0.2
2138,723,3,10,0.05
2139,723,5,2,0.15
2140,723,14,9,0.2
2141,723,27,10,0.0
2142,724,44,6,0.0
2143,724,50,6,0.2
2144,724,45,8,0.0
2145,724,9,6,0.0
2146,725,41,1,0.0
2147,725,48,1,0.1
2148,725,15,2,0.0
2149,725,33,4,0.15
2150,725,38,7,0.2
2151,726,24,5,0.0
2152,726,32,3,0.05
2153,727,29,6,0.15
2154,727,48,1,0.1
2155,727,22,7,0.15
2156,727,9,5,0.2
2157,727,18,1,0.0
2158,728,35,4,0.2
2159,728,4,4,0.1
2160,729,41,2,0.0
2161,729,1,1,0.15
2162,729,5,3,0.0
2163,729,32,3,0.0
2164,730,33,7,0.15
2165,730,6,8,0.0
2166,731,39,5,0.0
2167,731,16,10,0.05
2168,732,24,7,0.05
2169,733,40,8,0.0
2170,733,48,7,0.05
2171,733,28,2,0.2
2172,733,49,5,0.1
2173,733,10,9,0.0
2174,734,20,9,0.1
2175,734,30,8,0.0
2176,734,19,6,0.0
2177,734,25,8,0.0
2178,735,47,7,0.15
2179,735,24,6,0.05
2180,735,32,8,0.0
2181,735,26,10,0.0
2182,735,27,7,0.0
2183,736,49,5,0.2
2184,736,28,6,0.1
2185,737,42,7,0.05
2186,738,24,1,0.15
2187,739,30,10,0.1
2188,739,44,3,0.0
2189,739,10,2,0.2
2190,739,17,2,0.15
2191,739,16,7,0.05
2192,740,11,5,0.1
2193,740,28,9,0.15
2194,740,17,7,0.1
2195,740,45,5,0.15
2196,741,18,4,0.15
2197,741,48,7,0.15
2198,742,7,2,0.2
2199,743,47,3,0.0
2200,743,28,3,0.15
2201,743,11,3,0.0
2202,744,37,1,0.15
2203,744,14,3,0.2
2204,744,12,4,0.0
2205,744,13,7,0.05
2206,745,19,2,0.05
2207,746,38,4,0.05
2208,747,4,5,0.2
2209,748,14,9,0.2
2210,749,31,7,0.0
2211,749,49,6,0.15
2212,749,22,6,0.0
2213,749,39,4,0.0
2214,750,22,8,0.2
2215,750,7,7,0.15
2216,750,1,3,0.0
2217,751,24,10,0.15
2218,751,29,8,0.1
2219,752,2,1,0.2
2220,752,41,6,0.15
2221,752,24,8,0.0
2222,753,28,2,0.15
2223,753,31,7,0.0
2224,753,43,10,0.0
2225,754,32,5,0.2
2226,754,6,9,0.2
2227,755,43,3,0.2
2228,755,35,2,0.0
2229,755,16,7,0.15
2230,755,14,1,0.0
2231,756,47,8,0.15
2232,756,17,2,0.15
2233,757,45,6,0.2
2234,758,25,7,0.15
2235,758,46,9,0.2
2236,758,48,7,0.2
2237,759,6,10,0.0
2238,759,8,2,0.1
2239,759,22,6,0.0
2240,760,4,4,0.2
2241,760,38,7,0.05
2242,760,35,6,0.2
2243,761,43,7,0.0
2244,761,39,9,0.2
2245,761,38,8,0.0
2246,761,15,3,0.2
2247,761,7,5,0.2
2248,762,39,3,0.15
2249,762,19,1,0.1
2250,763,46,4,0.05
2251,763,37,5,0.15
2252,763,31,7,0.0
2253,764,45,1,0.2
2254,764,48,3,0.2
2255,765,36,7,0.0
2256,766,26,5,0.0
2257,766,5,4,0.15
2258,766,34,9,0.05
2259,766,47,2,0.0
2260,767,30,10,0.0
2261,767,42,8,0.15
2262,767,11,8,0.0
2263,768,24,10,0.0
2264,769,4,6,0.05
2265,769,7,3,0.0
2266,770,28,4,0.0
2267,770,10,2,0.0
2268,770,41,7,0.05
2269,770,47,5,0.15
2270,770,26,10,0.0
2271,771,42,8,0.0
2272,771,25,1,0.0
2273,771,18,2,0.0
2274,771,41,2,0.05
2275,772,38,10,0.1
2276,773,12,7,0.0
2277,773,25,10,0.0
2278,773,31,2,0.0
2279,773,42,2,0.15
2280,773,45,9,0.0
2281,774,35,9,0.15
2282,774,34,2,0.2
2283,774,32,4,0.15
2284,774,5,2,0.0
2285,774,38,10,0.15
2286,775,8,10,0.0
2287,775,3,3,0.0
2288,775,9,9,0.0
2289,776,20,1,0.0
2290,776,24,5,0.0
2291,776,35,9,0.2
2292,776,11,5,0.15
2293,776,28,9,0.05
2294,777,23,2,0.15
2295,777,39,1,0.0
2296,777,35,1,0.0
2297,777,33,3,0.0
2298,777,14,4,0.0
2299,778,9,7,0.0
2300,778,47,9,0.0
2301,778,40,5,0.05
2302,779,17,7,0.15
2303,780,41,4,0.15
2304,780,45,6,0.1
2305,780,42,9,0.1
2306,781,28,10,0.0
2307,781,25,2,0.0
2308,781,2,2,0.1
2309,782,22,2,0.0
2310,783,1,4,0.05
2311,783,7,2,0.2
2312,783,25,2,0.0
2313,784,34,6,0.15
2314,785,7,7,0.0
2315,785,4,6,0.2
2316,785,11,9,0.1
2317,785,21,10,0.2
2318,785,49,7,0.05
2319,786,46,10,0.15
2320,786,10,5,0.0
2321,786,43,6,0.15
2322,786,9,4,0.15
2323,786,25,10,0.05
2324,787,30,5,0.05
2325,787,33,9,0.15
2326,787,19,4,0.0
2327,788,6,4,0.0
2328,788,41,3,0.1
2329,788,5,1,0.0
2330,789,28,9,0.15
2331,790,1,1,0.15
2332,790,40,7,0.15
2333,790,13,9,0.15
2334,790,48,6,0.0
2335,791,29,4,0.0
2336,791,11,2,0.0
2337,791,44,3,0.1
2338,791,49,6,0.0
2339,791,34,7,0.05
2340,792,44,2,0.0
2341,792,16,5,0.05
2342,792,35,5,0.0
2343,793,20,9,0.2
2344,793,42,1,0.05
2345,794,40,8,0.0
2346,795,47,6,0.0
2347,795,12,2,0.05
2348,795,26,8,0.0
2349,796,8,5,0.0
2350,796,32,8,0.05
2351,796,1,6,0.0
2352,796,10,6,0.05
2353,797,29,8,0.0
2354,798,23,4,0.0
2355,799,27,3,0.15
2356,799,48,4,0.05
2357,799,22,5,0.0
2358,799,3,7,0.05
2359,800,49,9,0.15
2360,800,50,7,0.0
2361,800,26,2,0.0
2362,801,1,6,0.05
2363,801,50,10,0.15
2364,801,44,1,0.05
2365,801,16,8,0.0
2366,801,4,5,0.05
2367,802,12,5,0.15
2368,802,16,4,0.15
2369,802,18,7,0.0
2370,802,50,8,0.15
2371,802,8,2,0.15
2372,803,38,3,0.0
2373,803,41,2,0.0
2374,804,28,10,0.0
2375,804,2,2,0.2
2376,805,15,7,0.05
2377,805,22,1,0.1
2378,806,18,6,0.0
2379,807,4,1,0.0
2380,807,12,6,0.0
2381,807,3,5,0.05
2382,808,17,6,0.0
2383,808,32,5,0.0
2384,809,24,10,0.1
2385,809,48,10,0.0
2386,809,50,4,0.15
2387,810,7,3,0.15
2388,811,42,2,0.1
2389,811,13,10,0.0
2390,811,46,5,0.15
2391,811,29,8,0.2
2392,811,7,4,0.1
2393,812,27,5,0.2
2394,812,36,9,0.0
2395,813,5,9,0.2
2396,813,31,1,0.0
2397,813,27,10,0.0
2398,813,34,3,0.0
2399,814,32,2,0.0
2400,814,44,8,0.2
2401,814,35,9,0.05
2402,814,33,9,0.2
2403,815,12,3,0.1
2404,815,1,4,0.1
2405,816,46,4,0.0
2406,816,47,5,0.1
2407,816,34,2,0.0
2408,816,17,4,0.0
2409,816,20,9,0.0
2410,817,9,4,0.2
2411,817,18,4,0.1
2412,817,4,2,0.0
2413,818,6,5,0.15
2414,818,46,3,0.05
2415,818,36,10,0.0
2416,819,15,3,0.0
2417,819,47,1,0.1
2418,819,18,10,0.0
2419,820,36,5,0.0
2420,820,14,10,0.15
2421,820,29,7,0.0
2422,820,15,8,0.0
2423,820,21,7,0.0
2424,821,30,3,0.0
2425,821,12,10,0.05
2426,822,20,3,0.0
2427,823,10,2,0.05
2428,824,47,9,0.0
2429,825,25,1,0.0
2430,825,2,4,0.2
2431,825,8,2,0.0
2432,825,1,3,0.15
2433,826,35,6,0.2
2434,827,49,5,0.0
2435,827,37,8,0.0
2436,827,29,4,0.0
2437,827,11,9,0.15
2438,828,3,2,0.1
2439,829,1,1,0.0
2440,829,15,7,0.05
2441,830,44,2,0.05
2442,830,25,3,0.0
2443,831,40,6,0.0
2444,832,28,6,0.1
2445,832,34,3,0.15
2446,833,19,6,0.0
2447,833,23,2,0.2
2448,833,7,1,0.2
2449,833,18,3,0.2
2450,833,32,3,0.0
2451,834,8,10,0.05
2452,835,9,7,0.0
2453,835,12,6,0.05
2454,835,50,7,0.05
2455,836,42,7,0.05
2456,836,16,9,0.05
2457,837,6,9,0.1
2458,837,38,4,0.15
2459,837,46,2,0.0
2460,837,27,6,0.0
2461,838,8,6,0.0
2462,838,4,3,0.0
2463,839,14,1,0.15
2464,839,15,3,0.0
2465,840,45,7,0.0
2466,841,39,6,0.0
2467,841,11,2,0.0
2468,841,2,2,0.0
2469,841,10,10,0.2
2470,842,48,5,0.05
2471,842,9,7,0.15
2472,842,34,6,0.05
2473,842,45,1,0.0
2474,843,49,7,0.2
2475,843,12,7,0.15
2476,843,33,8,0.1
2477,843,11,5,0.1
2478,843,1,9,0.0
2479,844,6,3,0.15
2480,844,34,4,0.05
2481,844,25,10,0.0
2482,845,31,7,0.0
2483,845,21,1,0.2
2484,845,42,6,0.15
2485,845,26,7,0.0
2486,846,39,1,0.0
2487,846,50,5,0.0
2488,846,22,9,0.0
2489,847,13,1,0.0
2490,847,36,5,0.0
2491,847,41,10,0.1
2492,848,4,6,0.0
2493,849,33,7,0.15
2494,849,13,6,0.0
2495,849,21,2,0.0
2496,849,49,7,0.15
2497,850,38,7,0.05
2498,851,44,2,0.15
2499,851,30,2,0.15
2500,852,33,10,0.15
2501,852,34,9,0.2
2502,853,19,7,0.0
2503,853,24,7,0.0
2504,853,40,4,0.1
2505,854,1,3,0.2
2506,855,7,5,0.0
2507,855,30,2,0.0
2508,855,21,10,0.0
2509,855,11,6,0.0
2510,856,31,8,0.15
2511,856,17,3,0.0
2512,856,49,10,0.05
2513,857,27,8,0.0
2514,857,40,9,0.2
2515,857,44,10,0.0
2516,857,9,6,0.0
2517,858,44,1,0.15
2518,858,3,4,0.15
2519,858,40,9,0.0
2520,859,37,2,0.0
2521,859,26,7,0.2
2522,860,30,2,0.0
2523,860,42,2,0.05
2524,860,35,7,0.0
2525,860,7,7,0.0
2526,861,45,8,0.0
2527,861,48,5,0.05
2528,862,41,6,0.1
2529,862,14,1,0.1
2530,863,31,7,0.0
2531,863,14,5,0.15
2532,863,4,3,0.0
2533,863,2,3,0.0
2534,864,27,5,0.0
2535,864,34,1,0.0
2536,864,14,7,0.0
2537,864,43,5,0.0
2538,865,35,6,0.15
2539,865,45,10,0.05
2540,865,11,1,0.1
2541,865,28,10,0.0
2542,866,43,6,0.0
2543,866,47,3,0.05
2544,866,48,3,0.05
2545,867,34,8,0.2
2546,867,47,3,0.15
2547,867,1,8,0.15
2548,868,27,9,0.2
2549,868,45,3,0.1
2550,869,44,1,0.0
2551,869,37,6,0.0
2552,870,42,6,0.2
2553,870,30,9,0.05
2554,870,27,9,0.2
2555,870,23,6,0.0
2556,871,36,3,0.1
2557,871,39,7,0.05
2558,872,45,2,0.2
2559,872,40,2,0.0
2560,872,7,1,0.1
2561,873,33,5,0.2
2562,873,38,7,0.0
2563,873,3,4,0.2
2564,873,43,8,0.1
2565,874,23,8,0.05
2566,875,24,4,0.1
2567,876,27,1,0.05
2568,876,44,1,0.0
2569,876,16,1,0.0
2570,877,11,4,0.1
2571,877,37,7,0.0
2572,877,28,10,0.15
2573,878,41,3,0.05
2574,878,25,6,0.1
2575,879,33,10,0.2
2576,879,8,7,0.2
2577,880,14,7,0.0
2578,880,6,10,0.0
2579,880,2,1,0.1
2580,881,48,3,0.05
2581,882,16,4,0.0
2582,882,42,4,0.1
2583,883,18,2,0.0
2584,884,30,10,0.0
2585,885,6,8,0.2
2586,885,5,6,0.2
2587,886,27,2,0.05
2588,887,21,3,0.0
2589,887,41,1,0.0
2590,887,29,10,0.15
2591,887,11,10,0.2
2592,888,40,3,0.1
2593,888,39,5,0.0
2594,888,35,4,0.1
2595,888,1,1,0.1
2596,889,24,4,0.0
2597,889,8,6,0.0
2598,890,18,2,0.0
2599,890,31,9,0.15
2600,890,13,5,0.05
2601,891,17,4,0.15
2602,891,12,5,0.05
2603,892,14,8,0.05
2604,892,47,8,0.05
2605,893,7,10,0.0
2606,893,39,6,0.15
2607,893,25,2,0.05
2608,893,28,3,0.0
2609,893,13,9,0.0
2610,894,2,7,0.2
2611,894,8,3,0.0
2612,894,12,4,0.0
2613,894,21,4,0.15
2614,895,1,6,0.15
2615,896,21,5,0.1
2616,896,15,4,0.1
2617,896,36,4,0.0
2618,896,5,9,0.0
2619,896,25,10,0.2
2620,897,21,8,0.0
2621,897,13,5,0.05
2622,897,4,2,0.0
2623,897,32,8,0.0
2624,898,37,5,0.0
2625,898,2,10,0.0
2626,899,35,9,0.0
2627,900,7,5,0.0
2628,900,27,6,0.05
2629,900,47,2,0.1
2630,900,20,6,0.05
2631,901,32,10,0.0
2632,901,42,1,0.0
2633,901,8,1,0.2
2634,901,24,1,0.0
2635,902,11,4,0.15
2636,902,6,6,0.2
2637,903,3,5,0.0
2638,903,8,5,0.0
2639,903,4,10,0.2
2640,904,38,2,0.0
2641,904,30,6,0.2
2642,905,43,10,0.05
2643,905,8,8,0.0
2644,905,34,6,0.2
2645,905,16,8,0.0
2646,906,23,9,0.2
2647,907,5,8,0.0
2648,908,25,6,0.0
2649,908,13,10,0.2
2650,908,32,9,0.1
2651,908,7,6,0.2
2652,909,7,8,0.2
2653,909,9,10,0.1
2654,909,15,4,0.2
2655,909,24,7,0.0
2656,909,25,2,0.0
2657,910,42,2,0.0
2658,910,7,1,0.05
2659,910,10,3,0.0
2660,910,30,1,0.05
2661,910,48,9,0.05
2662,911,28,7,0.1
2663,911,14,7,0.1
2664,911,10,6,0.0
2665,912,42,7,0.15
2666,913,12,10,0.05
2667,913,39,9,0.05
2668,913,18,2,0.15
2669,913,34,1,0.15
2670,914,3,10,0.0
2671,915,15,7,0.05
2672,915,40,7,0.0
2673,915,45,4,0.15
2674,916,14,5,0.15
2675,916,23,10,0.0
2676,917,45,4,0.0
2677,917,40,6,0.15
2678,917,31,2,0.0
2679,917,48,3,0.0
2680,917,20,8,0.0
2681,918,2,2,0.0
2682,918,12,1,0.1
2683,918,17,6,0.05
2684,919,8,5,0.2
2685,919,3,4,0.1
2686,919,2,9,0.0
2687,919,37,3,0.2
2688,920,32,5,0.15
2689,920,48,8,0.0
2690,920,23,6,0.05
2691,920,35,1,0.2
2692,921,50,5,0.15
2693,921,43,9,0.15
2694,921,39,1,0.0
2695,921,31,7,0.2
2696,921,8,4,0.15
2697,922,37,7,0.0
2698,922,48,4,0.15
2699,923,41,8,0.1
2700,923,44,3,0.0
2701,923,35,6,0.0
2702,924,13,9,0.15
2703,924,3,6,0.2
2704,924,38,10,0.0
2705,925,8,3,0.05
2706,925,1,3,0.1
2707,925,32,5,0.1
2708,926,19,1,0.0
2709,926,5,5,0.2
2710,926,1,10,0.0
2711,926,30,1,0.05
2712,927,4,5,0.0
2713,928,46,5,0.0
2714,929,15,6,0.0
2715,929,3,7,0.05
2716,929,31,7,0.0
2717,930,37,6,0.2
2718,930,28,10,0.0
2719,931,36,5,0.1
2720,931,13,8,0.1
2721,931,20,3,0.05
2722,931,6,7,0.0
2723,932,44,8,0.05
2724,932,46,7,0.05
2725,932,23,1,0.1
2726,932,30,1,0.2
2727,932,28,7,0.0
2728,933,38,6,0.0
2729,933,33,10,0.1
2730,934,26,1,0.05
2731,934,43,9,0.05
2732,935,22,10,0.0
2733,936,8,10,0.15
2734,937,10,4,0.15
2735,937,36,3,0.0
2736,937,48,5,0.15
2737,937,32,1,0.2
2738,937,9,8,0.1
2739,938,10,10,0.0
2740,939,31,1,0.2
2741,940,20,7,0.05
2742,941,44,7,0.0
2743,941,29,1,0.0
2744,941,43,3,0.2
2745,941,40,4,0.0
2746,941,8,9,0.15
2747,942,19,8,0.0
2748,942,43,5,0.05
2749,942,7,7,0.15
2750,942,38,2,0.05
2751,943,30,7,0.0
2752,943,8,10,0.0
2753,943,37,1,0.15
2754,944,23,3,0.05
2755,945,23,9,0.0
2756,945,33,6,0.15
2757,946,42,6,0.15
2758,946,10,10,0.0
2759,947,5,8,0.1
2760,947,42,3,0.1
2761,947,31,9,0.2
2762,947,25,9,0.0
2763,948,40,3,0.0
2764,948,26,2,0.15
2765,948,5,2,0.05
2766,948,3,8,0.0
2767,948,2,4,0.2
2768,949,49,10,0.0
2769,949,27,2,0.0
2770,949,5,2,0.05
2771,949,4,6,0.1
2772,950,45,8,0.05
2773,951,17,8,0.15
2774,951,32,5,0.0
2775,952,38,1,0.15
2776,953,1,7,0.1
2777,953,24,9,0.2
2778,954,14,8,0.1
2779,954,37,6,0.0
2780,955,29,7,0.15
2781,956,34,2,0.0
2782,956,20,8,0.0
2783,957,15,5,0.2
2784,958,11,5,0.0
2785,959,40,2,0.1
2786,959,4,8,0.0
2787,959,35,1,0.0
2788,959,45,6,0.05
2789,960,14,6,0.2
2790,960,36,1,0.0
2791,961,5,10,0.0
2792,961,27,9,0.05
2793,961,39,3,0.0
2794,962,33,7,0.05
2795,962,15,5,0.2
2796,962,42,4,0.0
2797,962,23,1,0.0
2798,963,36,8,0.0
2799,964,45,2,0.05
2800,964,28,2,0.1
2801,964,36,6,0.0
2802,964,9,4,0.0
2803,965,38,1,0.0
2804,966,47,4,0.2
2805,967,12,6,0.1
2806,967,19,4,0.0
2807,967,3,3,0.1
2808,967,21,7,0.05
2809,968,17,9,0.0
2810,969,29,5,0.0
2811,969,46,9,0.0
2812,970,45,2,0.0
2813,970,35,6,0.05
2814,970,33,10,0.05
2815,971,15,2,0.0
2816,971,20,3,0.0
2817,971,48,4,0.15
2818,971,36,8,0.15
2819,971,14,8,0.0
2820,972,18,5,0.2
2821,972,38,2,0.0
2822,972,25,5,0.2
2823,973,25,4,0.05
2824,973,29,3,0.15
2825,973,3,7,0.1
2826,973,15,1,0.15
2827,974,39,6,0.2
2828,975,47,7,0.2
2829,975,40,1,0.2
2830,975,28,2,0.1
2831,976,37,5,0.0
2832,976,47,7,0.05
2833,976,50,4,0.0
2834,976,34,1,0.0
2835,977,19,10,0.0
2836,977,22,6,0.0
2837,977,37,5,0.2
2838,977,26,10,0.0
2839,977,3,2,0.0
2840,978,29,1,0.05
2841,978,30,1,0.05
2842,979,4,10,0.1
2843,979,38,6,0.0
2844,979,6,8,0.0
2845,979,18,5,0.2
2846,980,15,3,0.0
2847,980,41,10,0.15
2848,981,44,8,0.1
2849,981,33,6,0.0
2850,982,2,9,0.15
2851,982,44,1,0.1
2852,982,23,4,0.0
2853,983,33,2,0.0
2854,984,5,3,0.0
2855,984,42,6,0.1
2856,984,28,6,0.0
2857,984,19,7,0.15
2858,985,24,5,0.0
2859,985,3,10,0.0
2860,986,46,6,0.0
2861,986,50,7,0.2
2862,986,48,10,0.0
2863,986,33,3,0.05
2864,986,38,2,0.0
2865,987,47,8,0.15
2866,987,8,9,0.1
2867,987,34,8,0.0
2868,987,4,5,0.0
2869,987,39,10,0.0
2870,988,30,2,0.15
2871,988,21,4,0.05
2872,989,36,6,0.15
2873,989,33,8,0.1
2874,989,5,4,0.05
2875,990,16,3,0.1
2876,990,50,5,0.2
2877,990,27,5,0.0
2878,990,44,6,0.0
2879,990,38,2,0.05
2880,991,12,1,0.0
2881,991,30,2,0.05
2882,992,9,1,0.2
2883,993,9,9,0.2
2884,994,26,9,0.0
2885,994,45,5,0.0
2886,995,5,6,0.05
2887,996,49,3,0.15
2888,996,31,3,0.15
2889,996,45,10,0.2
2890,997,38,7,0.0
2891,997,24,8,0.0
2892,997,44,9,0.15
2893,997,42,10,0.0
2894,997,30,2,0.0
2895,998,34,6,0.05
2896,998,38,6,0.2
2897,998,33,3,0.0
2898,998,28,1,0.2
2899,998,19,4,0.05
2900,999,23,5,0.0
2901,1000,15,10,0.2
2902,1000,11,2,0.0
2903,1000,19,5,0.0
2904,1000,17,2,0.0
