OrderID,CustomerID,OrderDate,ShippingDate,ShipMode
1,63,2023-04-13,2023-04-18,Second Class
2,1,2022-10-17,2022-10-23,First Class
3,49,2023-12-16,2023-12-18,Same Day
4,98,2023-01-31,2023-02-06,Second Class
5,4,2022-05-28,2022-06-01,Second Class
6,160,2023-12-11,2023-12-15,Standard Class
7,159,2022-03-12,2022-03-14,First Class
8,43,2023-12-12,2023-12-15,Standard Class
9,92,2023-01-19,2023-01-23,Second Class
10,45,2022-03-22,2022-03-27,Same Day
11,174,2023-07-14,2023-07-16,Standard Class
12,124,2022-04-20,2022-04-22,Same Day
13,59,2023-09-14,2023-09-21,First Class
14,25,2023-10-05,2023-10-11,Standard Class
15,192,2023-03-02,2023-03-04,Second Class
16,43,2022-09-21,2022-09-28,Same Day
17,174,2023-11-22,2023-11-26,First Class
18,138,2022-05-07,2022-05-11,First Class
19,144,2022-12-02,2022-12-07,Second Class
20,78,2023-10-27,2023-10-31,Standard Class
21,138,2022-05-19,2022-05-23,Same Day
22,168,2022-04-12,2022-04-19,Same Day
23,102,2022-10-10,2022-10-12,Standard Class
24,145,2022-07-30,2022-07-31,Second Class
25,170,2022-01-27,2022-01-29,Standard Class
26,108,2023-06-23,2023-06-24,Standard Class
27,169,2023-06-18,2023-06-21,Same Day
28,103,2023-03-13,2023-03-19,Standard Class
29,150,2023-07-16,2023-07-22,First Class
30,56,2023-03-17,2023-03-21,Second Class
31,122,2022-03-10,2022-03-11,Standard Class
32,190,2023-01-17,2023-01-24,Second Class
33,91,2022-04-17,2022-04-22,Second Class
34,143,2023-01-12,2023-01-13,First Class
35,180,2022-11-13,2022-11-16,First Class
36,169,2023-02-15,2023-02-16,Second Class
37,97,2023-03-06,2023-03-10,First Class
38,22,2022-02-23,2022-02-25,Second Class
39,89,2023-03-17,2023-03-18,First Class
40,66,2022-10-24,2022-10-27,Standard Class
41,34,2023-01-25,2023-01-30,Second Class
42,104,2023-12-28,2024-01-03,Same Day
43,112,2022-04-19,2022-04-21,Same Day
44,131,2022-07-18,2022-07-25,First Class
45,155,2022-06-06,2022-06-13,Standard Class
46,149,2023-04-05,2023-04-11,First Class
47,15,2022-12-27,2023-01-01,Standard Class
48,153,2023-06-04,2023-06-08,Same Day
49,88,2022-03-28,2022-04-02,Second Class
50,135,2023-06-20,2023-06-25,Second Class
51,162,2023-10-25,2023-10-28,Standard Class
52,39,2022-12-08,2022-12-09,Second Class
53,144,2023-01-21,2023-01-27,First Class
54,93,2022-01-19,2022-01-22,First Class
55,40,2022-03-21,2022-03-24,Standard Class
56,178,2023-10-02,2023-10-09,Second Class
57,80,2023-04-26,2023-05-03,Second Class
58,136,2023-03-05,2023-03-07,Second Class
59,42,2022-10-07,2022-10-11,Second Class
60,21,2023-01-19,2023-01-21,Standard Class
61,121,2023-12-14,2023-12-21,Second Class
62,109,2022-04-24,2022-05-01,First Class
63,160,2023-04-14,2023-04-15,Standard Class
64,158,2022-12-28,2022-12-30,Same Day
65,140,2023-06-04,2023-06-11,Standard Class
66,169,2023-10-06,2023-10-07,First Class
67,200,2023-12-03,2023-12-07,Same Day
68,12,2022-07-24,2022-07-25,First Class
69,92,2022-02-18,2022-02-25,First Class
70,128,2023-12-10,2023-12-14,First Class
71,115,2023-09-10,2023-09-16,Same Day
72,91,2023-09-22,2023-09-26,First Class
73,132,2023-11-27,2023-11-29,Standard Class
74,61,2023-10-23,2023-10-26,First Class
75,94,2023-02-12,2023-02-15,First Class
76,144,2022-05-01,2022-05-04,First Class
77,114,2022-03-31,2022-04-07,First Class
78,182,2023-12-19,2023-12-25,Second Class
79,93,2023-07-22,2023-07-27,First Class
80,105,2023-08-12,2023-08-13,Second Class
81,200,2023-07-19,2023-07-25,Second Class
82,40,2022-11-08,2022-11-10,Second Class
83,142,2022-10-09,2022-10-11,First Class
84,8,2022-03-25,2022-03-26,First Class
85,161,2023-07-13,2023-07-16,First Class
86,53,2022-12-15,2022-12-20,Second Class
87,144,2022-04-19,2022-04-22,Second Class
88,64,2022-06-13,2022-06-20,First Class
89,118,2022-09-04,2022-09-06,First Class
90,153,2023-11-01,2023-11-07,Same Day
91,104,2023-01-10,2023-01-11,Same Day
92,93,2023-07-21,2023-07-24,Standard Class
93,101,2023-01-18,2023-01-25,First Class
94,122,2023-06-16,2023-06-20,Second Class
95,145,2022-11-03,2022-11-07,Standard Class
96,122,2022-09-29,2022-10-05,Second Class
97,135,2023-10-07,2023-10-13,Same Day
98,5,2023-03-28,2023-03-31,Same Day
99,157,2023-04-28,2023-05-05,Standard Class
100,97,2022-11-18,2022-11-20,Same Day
101,198,2022-10-23,2022-10-29,Second Class
102,89,2022-05-30,2022-06-02,Standard Class
103,52,2023-07-06,2023-07-09,First Class
104,172,2023-06-28,2023-06-30,Second Class
105,184,2023-04-29,2023-04-30,Second Class
106,168,2023-05-03,2023-05-07,Second Class
107,137,2022-02-08,2022-02-10,Same Day
108,3,2022-11-02,2022-11-07,Standard Class
109,70,2022-07-17,2022-07-24,Standard Class
110,76,2023-08-05,2023-08-11,Second Class
111,84,2022-03-30,2022-04-03,Standard Class
112,99,2022-08-30,2022-09-03,First Class
113,61,2022-03-05,2022-03-11,Standard Class
114,158,2022-08-15,2022-08-17,Second Class
115,64,2023-11-28,2023-12-05,Standard Class
116,43,2022-12-02,2022-12-09,Same Day
117,150,2023-05-16,2023-05-17,Same Day
118,107,2023-04-13,2023-04-18,Standard Class
119,180,2022-03-07,2022-03-12,Standard Class
120,105,2022-07-04,2022-07-11,Second Class
121,33,2022-08-17,2022-08-24,Standard Class
122,185,2023-07-12,2023-07-16,Same Day
123,186,2022-04-26,2022-04-27,Same Day
124,113,2022-08-28,2022-09-02,Second Class
125,60,2023-08-13,2023-08-16,First Class
126,71,2022-03-04,2022-03-09,Second Class
127,97,2022-07-08,2022-07-15,Same Day
128,144,2023-02-27,2023-03-03,Second Class
129,69,2023-01-22,2023-01-28,Standard Class
130,172,2023-07-27,2023-07-29,Same Day
131,31,2023-05-06,2023-05-08,Second Class
132,132,2023-05-25,2023-05-29,Standard Class
133,67,2023-07-21,2023-07-26,Same Day
134,141,2023-11-02,2023-11-08,First Class
135,36,2023-07-14,2023-07-18,Second Class
136,56,2023-06-02,2023-06-06,First Class
137,169,2023-05-15,2023-05-16,Standard Class
138,25,2023-06-21,2023-06-23,Second Class
139,102,2022-03-22,2022-03-25,Same Day
140,97,2023-07-20,2023-07-24,Standard Class
141,128,2023-03-21,2023-03-27,First Class
142,9,2022-07-03,2022-07-10,First Class
143,193,2023-02-12,2023-02-13,First Class
144,139,2022-12-06,2022-12-10,Second Class
145,26,2023-03-24,2023-03-26,Standard Class
146,116,2023-05-18,2023-05-20,First Class
147,98,2023-12-30,2024-01-06,Second Class
148,48,2023-03-18,2023-03-22,Same Day
149,142,2022-04-06,2022-04-11,First Class
150,98,2022-06-23,2022-06-25,First Class
151,124,2022-03-20,2022-03-23,First Class
152,118,2022-04-20,2022-04-22,First Class
153,159,2023-01-25,2023-02-01,First Class
154,102,2022-11-23,2022-11-26,Same Day
155,187,2023-04-18,2023-04-24,Second Class
156,109,2023-01-22,2023-01-23,Same Day
157,197,2022-09-12,2022-09-18,First Class
158,85,2023-03-17,2023-03-18,Standard Class
159,192,2023-06-16,2023-06-21,Second Class
160,76,2023-03-02,2023-03-03,Standard Class
161,124,2022-12-23,2022-12-27,Standard Class
162,28,2023-11-25,2023-12-02,Second Class
163,110,2023-04-19,2023-04-21,Same Day
164,158,2022-07-22,2022-07-26,Same Day
165,51,2023-04-14,2023-04-15,First Class
166,118,2023-09-25,2023-09-27,First Class
167,153,2022-05-22,2022-05-27,Same Day
168,116,2023-09-27,2023-09-28,First Class
169,99,2023-07-30,2023-08-04,Same Day
170,9,2022-10-09,2022-10-11,First Class
171,131,2022-04-26,2022-05-01,Standard Class
172,56,2023-03-12,2023-03-13,Second Class
173,61,2022-08-03,2022-08-10,First Class
174,138,2022-06-22,2022-06-25,First Class
175,168,2022-05-10,2022-05-16,Second Class
176,174,2023-02-07,2023-02-11,Second Class
177,125,2022-12-02,2022-12-07,Standard Class
178,171,2023-12-16,2023-12-19,Standard Class
179,88,2023-11-30,2023-12-07,Standard Class
180,32,2022-06-11,2022-06-15,Same Day
181,34,2023-10-28,2023-10-31,Second Class
182,102,2023-10-03,2023-10-06,Second Class
183,175,2023-04-01,2023-04-02,Standard Class
184,188,2022-04-15,2022-04-16,First Class
185,3,2023-09-17,2023-09-23,Second Class
186,26,2022-05-24,2022-05-31,Standard Class
187,156,2022-10-19,2022-10-26,Standard Class
188,62,2023-05-22,2023-05-26,Standard Class
189,93,2022-11-21,2022-11-23,Same Day
190,16,2023-02-12,2023-02-17,First Class
191,131,2022-07-28,2022-08-04,Second Class
192,117,2023-09-19,2023-09-24,Standard Class
193,128,2022-12-22,2022-12-27,First Class
194,8,2022-12-10,2022-12-17,Same Day
195,93,2022-02-26,2022-03-02,Second Class
196,12,2022-01-13,2022-01-15,Standard Class
197,82,2022-10-05,2022-10-12,Standard Class
198,80,2022-12-02,2022-12-03,Same Day
199,145,2022-11-08,2022-11-14,Second Class
200,7,2022-08-27,2022-09-01,First Class
201,169,2023-01-21,2023-01-28,First Class
202,108,2023-05-19,2023-05-20,Second Class
203,25,2023-06-02,2023-06-04,Same Day
204,112,2023-11-10,2023-11-12,Second Class
205,52,2022-05-20,2022-05-27,Standard Class
206,31,2023-07-03,2023-07-06,Second Class
207,84,2022-06-01,2022-06-02,Second Class
208,116,2023-07-24,2023-07-30,Second Class
209,36,2022-05-05,2022-05-06,Standard Class
210,151,2022-09-23,2022-09-30,Standard Class
211,114,2022-05-12,2022-05-13,First Class
212,44,2023-08-11,2023-08-15,Same Day
213,9,2023-09-21,2023-09-26,Second Class
214,108,2022-07-24,2022-07-30,Second Class
215,7,2022-11-23,2022-11-28,Second Class
216,121,2023-06-27,2023-06-30,Second Class
217,189,2022-02-27,2022-03-06,Second Class
218,145,2022-07-12,2022-07-19,Same Day
219,52,2022-05-14,2022-05-17,Second Class
220,135,2023-01-09,2023-01-10,First Class
221,82,2022-06-28,2022-07-04,First Class
222,177,2022-10-29,2022-10-31,Second Class
223,198,2023-08-05,2023-08-06,Second Class
224,23,2023-12-27,2024-01-02,First Class
225,99,2023-03-25,2023-03-31,Same Day
226,26,2023-05-06,2023-05-13,Second Class
227,67,2022-04-18,2022-04-19,First Class
228,153,2023-09-21,2023-09-25,Standard Class
229,142,2023-07-08,2023-07-11,First Class
230,14,2023-01-05,2023-01-06,Same Day
231,52,2022-04-10,2022-04-11,Second Class
232,102,2023-04-28,2023-05-02,First Class
233,48,2023-01-15,2023-01-19,First Class
234,58,2022-10-03,2022-10-08,Standard Class
235,139,2023-02-28,2023-03-07,Second Class
236,147,2023-06-14,2023-06-21,Second Class
237,43,2022-08-05,2022-08-12,Second Class
238,161,2022-06-01,2022-06-08,First Class
239,71,2023-06-17,2023-06-21,Standard Class
240,74,2023-07-03,2023-07-06,Same Day
241,104,2022-05-28,2022-06-02,Same Day
242,61,2022-02-20,2022-02-26,Same Day
243,179,2023-12-03,2023-12-04,Second Class
244,187,2023-03-03,2023-03-08,Standard Class
245,133,2023-01-18,2023-01-25,Standard Class
246,15,2022-09-13,2022-09-14,Same Day
247,95,2023-04-21,2023-04-26,Same Day
248,96,2023-05-16,2023-05-21,Same Day
249,67,2023-12-07,2023-12-08,First Class
250,147,2022-08-08,2022-08-15,Second Class
251,6,2023-11-30,2023-12-01,Same Day
252,65,2023-09-15,2023-09-22,First Class
253,134,2023-10-01,2023-10-05,Standard Class
254,166,2023-09-01,2023-09-06,First Class
255,71,2022-09-25,2022-10-01,First Class
256,170,2022-11-24,2022-11-30,Second Class
257,67,2023-03-05,2023-03-09,Same Day
258,49,2022-12-18,2022-12-24,Second Class
259,190,2022-09-22,2022-09-28,Second Class
260,67,2023-08-23,2023-08-26,Same Day
261,163,2023-08-21,2023-08-26,Standard Class
262,52,2022-12-17,2022-12-21,Same Day
263,86,2023-10-09,2023-10-11,First Class
264,54,2022-06-22,2022-06-27,Second Class
265,10,2023-07-01,2023-07-03,First Class
266,5,2023-11-24,2023-11-25,Second Class
267,129,2023-08-26,2023-08-29,Second Class
268,117,2023-06-17,2023-06-22,First Class
269,187,2022-05-15,2022-05-17,Standard Class
270,28,2023-11-01,2023-11-08,Standard Class
271,114,2023-01-25,2023-01-26,First Class
272,160,2023-09-13,2023-09-19,Second Class
273,52,2022-09-27,2022-10-04,Second Class
274,124,2022-12-05,2022-12-07,Standard Class
275,147,2023-11-17,2023-11-21,Second Class
276,186,2022-04-14,2022-04-17,Second Class
277,174,2022-11-17,2022-11-21,Standard Class
278,36,2023-11-11,2023-11-17,Second Class
279,30,2023-02-15,2023-02-19,Same Day
280,186,2022-03-02,2022-03-09,Second Class
281,146,2023-11-26,2023-11-30,Second Class
282,81,2022-01-13,2022-01-19,Second Class
283,174,2023-10-19,2023-10-23,Second Class
284,62,2022-12-05,2022-12-08,Standard Class
285,81,2022-05-02,2022-05-06,Standard Class
286,143,2023-07-17,2023-07-18,Standard Class
287,117,2022-12-06,2022-12-11,Same Day
288,163,2022-10-26,2022-10-31,First Class
289,36,2023-02-24,2023-02-25,First Class
290,169,2023-08-27,2023-09-01,Second Class
291,149,2022-06-27,2022-07-03,Second Class
292,83,2023-06-01,2023-06-05,Same Day
293,180,2023-07-15,2023-07-22,First Class
294,164,2022-11-27,2022-12-03,Standard Class
295,109,2022-01-14,2022-01-19,Standard Class
296,172,2022-02-27,2022-03-01,First Class
297,76,2022-07-28,2022-08-04,Standard Class
298,61,2023-06-08,2023-06-15,First Class
299,176,2022-11-17,2022-11-22,Standard Class
300,159,2023-03-30,2023-04-06,Second Class
301,175,2022-03-18,2022-03-20,Second Class
302,182,2022-06-08,2022-06-09,Second Class
303,92,2022-03-16,2022-03-23,First Class
304,85,2022-12-06,2022-12-09,First Class
305,193,2023-10-27,2023-10-28,Standard Class
306,30,2023-01-31,2023-02-03,First Class
307,131,2023-04-02,2023-04-06,Standard Class
308,2,2023-10-04,2023-10-05,Second Class
309,180,2023-03-22,2023-03-28,Standard Class
310,14,2022-07-02,2022-07-09,First Class
311,2,2023-10-19,2023-10-25,Standard Class
312,170,2022-02-01,2022-02-05,Second Class
313,32,2022-02-12,2022-02-13,Same Day
314,65,2022-07-18,2022-07-19,Second Class
315,85,2023-01-01,2023-01-03,Second Class
316,50,2022-11-22,2022-11-26,Same Day
317,81,2023-03-15,2023-03-17,Standard Class
318,119,2023-04-02,2023-04-05,First Class
319,188,2023-10-04,2023-10-05,Standard Class
320,149,2023-08-16,2023-08-20,Second Class
321,139,2023-04-29,2023-05-05,Second Class
322,131,2022-04-03,2022-04-07,First Class
323,38,2023-05-11,2023-05-14,Standard Class
324,60,2022-02-13,2022-02-19,Second Class
325,140,2023-08-07,2023-08-09,Same Day
326,89,2023-05-14,2023-05-21,Same Day
327,155,2022-05-02,2022-05-08,Second Class
328,63,2022-02-14,2022-02-16,Second Class
329,43,2022-09-22,2022-09-24,Same Day
330,106,2023-09-08,2023-09-10,Second Class
331,5,2022-07-27,2022-08-01,Same Day
332,10,2023-06-29,2023-07-04,Standard Class
333,139,2022-01-02,2022-01-09,Same Day
334,109,2022-05-18,2022-05-21,Same Day
335,49,2022-01-06,2022-01-12,Standard Class
336,67,2023-07-03,2023-07-07,First Class
337,79,2023-08-15,2023-08-18,Same Day
338,55,2023-06-05,2023-06-09,First Class
339,23,2022-03-07,2022-03-10,Second Class
340,183,2023-09-04,2023-09-05,Second Class
341,60,2023-09-22,2023-09-24,Standard Class
342,172,2023-02-09,2023-02-13,Second Class
343,117,2023-02-18,2023-02-23,Standard Class
344,30,2023-06-10,2023-06-13,First Class
345,8,2023-05-09,2023-05-10,First Class
346,180,2022-08-24,2022-08-31,First Class
347,142,2022-07-02,2022-07-06,First Class
348,189,2022-09-05,2022-09-12,First Class
349,40,2022-04-20,2022-04-21,Standard Class
350,71,2023-05-18,2023-05-20,First Class
351,101,2023-12-04,2023-12-11,Second Class
352,84,2023-01-06,2023-01-11,First Class
353,88,2023-01-10,2023-01-12,Same Day
354,148,2023-12-04,2023-12-06,Standard Class
355,3,2022-06-30,2022-07-04,Same Day
356,125,2022-11-04,2022-11-07,Standard Class
357,93,2023-01-04,2023-01-09,First Class
358,167,2023-10-27,2023-11-01,Second Class
359,74,2023-04-20,2023-04-26,Second Class
360,104,2022-03-15,2022-03-16,Second Class
361,114,2023-01-07,2023-01-13,Same Day
362,27,2022-04-08,2022-04-09,Same Day
363,189,2022-10-18,2022-10-22,Second Class
364,84,2023-05-03,2023-05-07,First Class
365,89,2023-05-09,2023-05-14,Second Class
366,106,2022-09-24,2022-09-26,First Class
367,195,2022-05-20,2022-05-23,First Class
368,60,2022-01-08,2022-01-13,First Class
369,184,2023-10-24,2023-10-28,Same Day
370,196,2023-09-20,2023-09-27,First Class
371,35,2022-10-24,2022-10-25,Same Day
372,69,2022-05-09,2022-05-15,Same Day
373,4,2023-05-21,2023-05-23,First Class
374,101,2022-03-15,2022-03-20,Same Day
375,197,2022-09-12,2022-09-16,Same Day
376,171,2022-08-02,2022-08-06,Same Day
377,124,2023-10-16,2023-10-19,Second Class
378,71,2023-08-22,2023-08-23,Same Day
379,153,2022-06-08,2022-06-11,Standard Class
380,195,2023-10-03,2023-10-04,Standard Class
381,82,2023-07-26,2023-08-02,First Class
382,76,2023-07-10,2023-07-16,Same Day
383,120,2022-10-09,2022-10-16,Second Class
384,76,2022-09-27,2022-10-02,First Class
385,159,2022-09-02,2022-09-05,Standard Class
386,169,2022-03-10,2022-03-11,Second Class
387,9,2023-08-08,2023-08-14,Same Day
388,54,2023-11-03,2023-11-07,Standard Class
389,136,2022-02-11,2022-02-17,Standard Class
390,50,2023-06-23,2023-06-29,Second Class
391,47,2023-07-18,2023-07-22,First Class
392,84,2023-01-16,2023-01-20,Same Day
393,66,2023-01-04,2023-01-08,Same Day
394,55,2022-11-19,2022-11-20,First Class
395,66,2022-11-04,2022-11-05,Same Day
396,21,2022-02-27,2022-03-06,First Class
397,79,2023-06-21,2023-06-22,First Class
398,57,2023-03-19,2023-03-22,Same Day
399,13,2023-07-16,2023-07-20,First Class
400,199,2023-12-16,2023-12-18,Second Class
401,69,2023-03-17,2023-03-20,Standard Class
402,94,2022-12-23,2022-12-25,First Class
403,38,2023-03-28,2023-03-29,Second Class
404,190,2022-02-25,2022-02-27,Second Class
405,54,2023-07-05,2023-07-07,Second Class
406,66,2022-06-24,2022-06-25,First Class
407,3,2022-03-10,2022-03-14,First Class
408,125,2023-09-04,2023-09-09,Standard Class
409,64,2023-06-27,2023-06-30,First Class
410,16,2023-10-03,2023-10-06,Same Day
411,39,2022-12-16,2022-12-20,Second Class
412,174,2023-09-20,2023-09-27,Second Class
413,36,2023-08-18,2023-08-23,Second Class
414,38,2023-11-03,2023-11-08,Second Class
415,8,2022-11-23,2022-11-27,Same Day
416,7,2023-09-19,2023-09-24,First Class
417,183,2023-10-28,2023-10-31,Second Class
418,191,2023-11-19,2023-11-21,Second Class
419,158,2023-05-17,2023-05-23,First Class
420,147,2023-09-01,2023-09-06,Standard Class
421,75,2023-03-27,2023-03-31,First Class
422,119,2023-10-24,2023-10-28,Standard Class
423,183,2022-07-26,2022-07-30,Standard Class
424,116,2023-10-12,2023-10-15,Standard Class
425,169,2022-06-03,2022-06-05,Second Class
426,187,2023-04-02,2023-04-05,Second Class
427,160,2022-09-17,2022-09-18,Same Day
428,21,2023-09-08,2023-09-13,Standard Class
429,54,2022-02-20,2022-02-22,Second Class
430,38,2022-02-03,2022-02-09,First Class
431,170,2023-12-10,2023-12-16,Second Class
432,110,2023-07-18,2023-07-19,First Class
433,15,2022-04-22,2022-04-27,Standard Class
434,160,2022-12-29,2022-12-31,Same Day
435,54,2023-09-23,2023-09-27,Same Day
436,164,2022-08-06,2022-08-07,Second Class
437,176,2022-12-08,2022-12-11,Same Day
438,118,2023-07-04,2023-07-07,Same Day
439,176,2022-12-06,2022-12-13,First Class
440,8,2022-12-14,2022-12-18,Second Class
441,96,2023-04-08,2023-04-15,First Class
442,10,2022-07-26,2022-07-27,Same Day
443,34,2022-07-30,2022-08-05,Standard Class
444,120,2022-02-17,2022-02-18,First Class
445,54,2022-11-25,2022-11-27,Second Class
446,71,2022-04-28,2022-04-29,Standard Class
447,181,2022-10-18,2022-10-23,Second Class
448,13,2022-05-14,2022-05-15,Same Day
449,23,2023-03-13,2023-03-17,Second Class
450,34,2022-04-06,2022-04-13,Same Day
451,165,2023-12-29,2024-01-05,Same Day
452,125,2022-01-31,2022-02-01,Same Day
453,44,2022-10-17,2022-10-24,First Class
454,152,2023-02-28,2023-03-02,Second Class
455,170,2023-11-17,2023-11-18,Same Day
456,84,2023-07-23,2023-07-24,Same Day
457,153,2023-01-24,2023-01-27,Same Day
458,36,2023-08-18,2023-08-25,Standard Class
459,158,2023-08-15,2023-08-19,Second Class
460,184,2022-12-19,2022-12-20,Standard Class
461,8,2022-08-29,2022-09-02,Same Day
462,36,2022-07-12,2022-07-17,Same Day
463,185,2023-05-14,2023-05-20,Same Day
464,179,2023-09-11,2023-09-15,Second Class
465,128,2022-08-31,2022-09-06,First Class
466,177,2022-03-23,2022-03-25,First Class
467,157,2022-02-24,2022-02-27,Standard Class
468,178,2023-09-04,2023-09-10,First Class
469,22,2022-05-10,2022-05-15,Standard Class
470,45,2023-08-29,2023-09-04,Second Class
471,22,2022-05-29,2022-06-03,Second Class
472,89,2022-02-25,2022-03-03,First Class
473,103,2023-05-03,2023-05-06,Same Day
474,174,2022-11-20,2022-11-25,Standard Class
475,111,2023-09-18,2023-09-24,First Class
476,173,2023-08-26,2023-09-02,Second Class
477,176,2023-04-02,2023-04-05,Second Class
478,56,2023-09-06,2023-09-12,Standard Class
479,97,2023-11-04,2023-11-11,Second Class
480,76,2023-04-24,2023-04-30,Standard Class
481,100,2022-12-07,2022-12-08,First Class
482,126,2022-04-22,2022-04-24,Same Day
483,9,2022-03-16,2022-03-17,First Class
484,148,2022-01-04,2022-01-09,Same Day
485,146,2023-07-03,2023-07-06,First Class
486,118,2022-10-24,2022-10-30,Second Class
487,179,2023-02-04,2023-02-05,First Class
488,126,2023-02-03,2023-02-04,First Class
489,168,2023-11-15,2023-11-20,Same Day
490,167,2022-05-14,2022-05-15,Second Class
491,157,2022-06-24,2022-07-01,Standard Class
492,158,2022-08-14,2022-08-15,Second Class
493,12,2023-08-31,2023-09-02,First Class
494,194,2023-03-02,2023-03-04,First Class
495,46,2022-04-02,2022-04-08,First Class
496,157,2023-12-10,2023-12-11,Second Class
497,25,2023-09-26,2023-09-29,Second Class
498,46,2022-06-13,2022-06-19,Standard Class
499,54,2023-03-22,2023-03-25,First Class
500,185,2023-04-01,2023-04-06,First Class
501,106,2022-07-24,2022-07-28,Second Class
502,14,2023-03-23,2023-03-25,Second Class
503,178,2023-08-06,2023-08-07,First Class
504,88,2022-08-14,2022-08-17,Second Class
505,4,2023-03-15,2023-03-21,Second Class
506,147,2022-01-06,2022-01-10,Standard Class
507,109,2023-06-28,2023-07-02,Same Day
508,22,2023-07-26,2023-08-02,Standard Class
509,181,2023-04-16,2023-04-23,Standard Class
510,161,2022-03-14,2022-03-18,First Class
511,15,2023-06-12,2023-06-18,First Class
512,120,2023-09-26,2023-09-27,First Class
513,139,2022-04-27,2022-05-03,Same Day
514,116,2023-05-13,2023-05-18,Standard Class
515,21,2023-02-05,2023-02-07,First Class
516,29,2023-12-15,2023-12-17,Same Day
517,139,2022-05-16,2022-05-20,First Class
518,86,2023-02-26,2023-03-03,First Class
519,146,2022-05-16,2022-05-23,First Class
520,13,2022-06-01,2022-06-04,First Class
521,11,2022-11-21,2022-11-26,Second Class
522,115,2023-07-07,2023-07-09,First Class
523,197,2022-05-29,2022-06-02,First Class
524,181,2022-10-30,2022-11-03,First Class
525,79,2022-01-26,2022-01-30,Second Class
526,6,2022-03-27,2022-04-01,Same Day
527,126,2022-11-22,2022-11-27,Standard Class
528,89,2022-12-26,2022-12-29,Same Day
529,151,2023-09-05,2023-09-06,Second Class
530,194,2023-01-20,2023-01-21,Standard Class
531,98,2022-10-24,2022-10-29,Same Day
532,127,2023-07-27,2023-08-02,Same Day
533,163,2023-04-29,2023-04-30,First Class
534,191,2023-01-06,2023-01-11,Same Day
535,38,2022-11-24,2022-11-28,Second Class
536,136,2023-10-17,2023-10-18,Second Class
537,83,2022-11-20,2022-11-27,First Class
538,36,2023-06-15,2023-06-18,First Class
539,177,2023-06-23,2023-06-30,Standard Class
540,134,2022-12-17,2022-12-19,First Class
541,33,2023-12-12,2023-12-14,Second Class
542,124,2023-03-18,2023-03-19,Second Class
543,16,2023-04-26,2023-04-27,First Class
544,3,2022-04-09,2022-04-16,Standard Class
545,129,2023-09-20,2023-09-22,Standard Class
546,56,2022-07-16,2022-07-19,Second Class
547,109,2022-08-08,2022-08-13,Second Class
548,185,2022-02-11,2022-02-12,First Class
549,75,2023-03-15,2023-03-17,Standard Class
550,37,2023-02-09,2023-02-13,Standard Class
551,104,2022-05-06,2022-05-08,Same Day
552,155,2023-02-19,2023-02-23,First Class
553,128,2022-08-25,2022-08-31,Second Class
554,18,2023-05-26,2023-06-01,Standard Class
555,160,2022-04-09,2022-04-16,Standard Class
556,9,2023-03-17,2023-03-18,Same Day
557,111,2022-05-18,2022-05-21,Same Day
558,144,2022-06-10,2022-06-15,Standard Class
559,152,2022-02-16,2022-02-18,First Class
560,106,2022-12-26,2022-12-27,Second Class
561,17,2022-11-09,2022-11-10,First Class
562,109,2023-08-05,2023-08-10,Same Day
563,83,2023-08-10,2023-08-11,Same Day
564,128,2023-05-30,2023-06-06,First Class
565,163,2022-03-19,2022-03-26,Second Class
566,149,2022-04-08,2022-04-13,First Class
567,78,2023-06-01,2023-06-08,First Class
568,5,2023-10-05,2023-10-11,Second Class
569,52,2023-01-09,2023-01-13,Second Class
570,82,2022-03-07,2022-03-13,Second Class
571,50,2022-01-29,2022-01-31,First Class
572,72,2023-11-06,2023-11-11,Second Class
573,6,2022-02-26,2022-03-05,Standard Class
574,29,2023-08-08,2023-08-14,Standard Class
575,100,2022-08-30,2022-09-03,Second Class
576,66,2023-08-27,2023-08-28,Same Day
577,79,2022-01-22,2022-01-28,Standard Class
578,142,2023-01-29,2023-02-01,First Class
579,114,2023-02-02,2023-02-03,Same Day
580,162,2022-11-21,2022-11-28,Same Day
581,200,2023-05-19,2023-05-23,Same Day
582,108,2023-09-09,2023-09-15,First Class
583,161,2022-11-09,2022-11-12,Standard Class
584,183,2023-10-27,2023-11-03,Second Class
585,22,2023-03-01,2023-03-04,Second Class
586,68,2023-12-20,2023-12-27,Second Class
587,154,2022-09-24,2022-09-26,Standard Class
588,173,2023-05-22,2023-05-23,Second Class
589,34,2023-03-18,2023-03-25,Second Class
590,116,2022-09-12,2022-09-15,Same Day
591,83,2023-12-11,2023-12-15,Second Class
592,121,2022-12-29,2023-01-03,Standard Class
593,98,2022-11-06,2022-11-10,First Class
594,129,2023-05-20,2023-05-23,Same Day
595,30,2022-11-17,2022-11-18,Second Class
596,43,2022-11-20,2022-11-26,Same Day
597,14,2022-08-24,2022-08-26,Standard Class
598,118,2023-05-20,2023-05-21,Second Class
599,73,2022-07-04,2022-07-11,Second Class
600,128,2023-11-25,2023-11-26,First Class
601,96,2023-08-28,2023-08-29,First Class
602,161,2022-10-03,2022-10-08,Standard Class
603,13,2023-10-22,2023-10-25,First Class
604,155,2023-01-26,2023-01-27,Same Day
605,100,2023-02-17,2023-02-20,Second Class
606,111,2022-11-14,2022-11-20,Second Class
607,69,2023-07-31,2023-08-05,Same Day
608,95,2023-09-21,2023-09-23,Same Day
609,166,2023-06-22,2023-06-23,First Class
610,146,2022-02-18,2022-02-23,Standard Class
611,109,2023-02-27,2023-02-28,Same Day
612,22,2023-03-03,2023-03-09,First Class
613,48,2022-03-22,2022-03-28,First Class
614,2,2023-02-09,2023-02-10,Standard Class
615,169,2023-09-09,2023-09-15,Same Day
616,4,2022-07-15,2022-07-16,Standard Class
617,62,2023-03-23,2023-03-30,Second Class
618,122,2023-03-09,2023-03-10,Standard Class
619,116,2023-08-23,2023-08-25,Second Class
620,127,2023-08-16,2023-08-21,First Class
621,132,2023-08-29,2023-09-04,Same Day
622,81,2023-07-21,2023-07-22,First Class
623,89,2023-03-25,2023-03-27,Second Class
624,42,2023-09-29,2023-10-01,First Class
625,45,2022-07-24,2022-07-26,Same Day
626,61,2022-08-03,2022-08-08,Standard Class
627,174,2022-06-12,2022-06-14,Standard Class
628,159,2022-08-21,2022-08-22,Second Class
629,172,2022-04-17,2022-04-23,Standard Class
630,43,2023-10-08,2023-10-09,Second Class
631,166,2023-01-08,2023-01-11,Second Class
632,197,2022-01-07,2022-01-09,Same Day
633,162,2023-11-12,2023-11-14,Second Class
634,22,2022-12-13,2022-12-16,Same Day
635,165,2022-06-04,2022-06-09,Standard Class
636,157,2022-05-31,2022-06-06,Same Day
637,51,2022-11-05,2022-11-06,Standard Class
638,194,2023-10-13,2023-10-15,Standard Class
639,62,2022-11-08,2022-11-14,Same Day
640,87,2022-08-30,2022-09-06,Second Class
641,189,2022-09-11,2022-09-12,First Class
642,122,2022-08-08,2022-08-12,Standard Class
643,68,2023-08-22,2023-08-26,Same Day
644,181,2023-06-10,2023-06-17,Standard Class
645,95,2022-05-02,2022-05-07,Same Day
646,75,2022-02-11,2022-02-16,Second Class
647,78,2022-10-29,2022-11-02,Standard Class
648,56,2022-07-07,2022-07-14,Same Day
649,18,2022-02-15,2022-02-19,Same Day
650,115,2022-06-02,2022-06-09,First Class
651,100,2022-08-27,2022-08-31,First Class
652,144,2022-03-29,2022-03-31,Standard Class
653,22,2023-07-01,2023-07-06,First Class
654,98,2022-09-21,2022-09-22,Standard Class
655,37,2022-07-07,2022-07-10,Standard Class
656,47,2022-01-28,2022-02-03,Standard Class
657,31,2022-02-23,2022-02-25,Second Class
658,124,2022-01-30,2022-02-03,Second Class
659,173,2022-04-14,2022-04-16,Second Class
660,139,2022-06-22,2022-06-29,Second Class
661,65,2023-11-28,2023-12-02,First Class
662,137,2023-07-31,2023-08-01,First Class
663,36,2023-07-24,2023-07-27,Same Day
664,67,2023-12-26,2023-12-30,First Class
665,85,2022-01-17,2022-01-23,Second Class
666,3,2023-11-20,2023-11-22,Same Day
667,97,2023-09-08,2023-09-11,Same Day
668,50,2023-04-01,2023-04-02,Second Class
669,182,2023-01-02,2023-01-04,Standard Class
670,72,2023-08-06,2023-08-11,Same Day
671,45,2022-03-08,2022-03-13,Second Class
672,59,2023-06-20,2023-06-26,First Class
673,144,2023-04-10,2023-04-11,Same Day
674,105,2022-10-08,2022-10-09,Same Day
675,101,2022-07-19,2022-07-22,Standard Class
676,123,2023-03-19,2023-03-26,Standard Class
677,199,2023-09-07,2023-09-12,Same Day
678,32,2022-03-29,2022-03-30,Standard Class
679,27,2023-11-25,2023-11-26,Standard Class
680,169,2023-10-01,2023-10-02,Same Day
681,28,2022-04-16,2022-04-17,Standard Class
682,12,2022-03-03,2022-03-05,First Class
683,75,2023-01-13,2023-01-14,Second Class
684,144,2022-02-25,2022-03-01,First Class
685,49,2023-11-15,2023-11-19,Same Day
686,164,2022-08-17,2022-08-23,Second Class
687,3,2022-03-17,2022-03-20,Standard Class
688,68,2022-06-28,2022-07-01,Second Class
689,6,2023-11-25,2023-11-27,Same Day
690,117,2022-09-03,2022-09-06,First Class
691,37,2022-05-14,2022-05-21,Second Class
692,163,2022-09-08,2022-09-09,Second Class
693,121,2023-11-11,2023-11-16,Standard Class
694,119,2022-07-03,2022-07-06,First Class
695,61,2023-02-10,2023-02-12,First Class
696,91,2022-08-24,2022-08-29,Standard Class
697,70,2023-01-27,2023-01-28,Second Class
698,21,2022-10-11,2022-10-13,Standard Class
699,140,2022-07-25,2022-07-28,Second Class
700,3,2022-11-03,2022-11-06,First Class
701,59,2022-08-03,2022-08-07,Second Class
702,143,2022-01-31,2022-02-03,Second Class
703,84,2023-08-25,2023-08-26,Standard Class
704,147,2023-02-05,2023-02-09,Second Class
705,44,2022-04-17,2022-04-23,Second Class
706,7,2022-07-11,2022-07-13,Standard Class
707,84,2023-02-25,2023-03-01,Second Class
708,123,2022-03-12,2022-03-16,Second Class
709,155,2023-08-12,2023-08-15,Second Class
710,126,2023-04-17,2023-04-21,Standard Class
711,180,2023-12-30,2024-01-06,First Class
712,146,2022-04-08,2022-04-12,Standard Class
713,186,2022-08-11,2022-08-15,Same Day
714,119,2022-01-28,2022-01-29,Same Day
715,172,2023-04-21,2023-04-25,Same Day
716,63,2023-03-25,2023-03-27,Same Day
717,101,2022-06-22,2022-06-23,Standard Class
718,114,2023-12-15,2023-12-16,Standard Class
719,96,2022-09-02,2022-09-04,Standard Class
720,87,2022-07-16,2022-07-22,Standard Class
721,107,2023-06-09,2023-06-10,First Class
722,60,2022-08-07,2022-08-08,First Class
723,17,2023-11-05,2023-11-12,First Class
724,65,2022-04-08,2022-04-13,First Class
725,156,2023-08-23,2023-08-27,Same Day
726,63,2023-09-27,2023-09-28,Standard Class
727,53,2023-10-20,2023-10-21,Second Class
728,188,2022-12-06,2022-12-09,Second Class
729,98,2023-06-18,2023-06-21,Second Class
730,45,2023-08-30,2023-09-04,Second Class
731,43,2022-07-22,2022-07-24,Same Day
732,163,2022-07-26,2022-07-29,Same Day
733,43,2023-04-28,2023-05-02,Same Day
734,142,2022-06-29,2022-07-02,Same Day
735,40,2022-07-14,2022-07-15,Standard Class
736,32,2023-01-30,2023-02-04,Second Class
737,182,2023-05-16,2023-05-22,First Class
738,189,2022-09-10,2022-09-12,Same Day
739,171,2023-10-23,2023-10-25,First Class
740,181,2023-08-24,2023-08-25,Second Class
741,106,2022-04-02,2022-04-03,First Class
742,79,2022-01-07,2022-01-09,Same Day
743,179,2023-03-04,2023-03-09,Same Day
744,125,2022-07-06,2022-07-11,Standard Class
745,161,2023-10-02,2023-10-03,Second Class
746,32,2022-10-11,2022-10-12,First Class
747,125,2023-11-20,2023-11-27,Standard Class
748,2,2023-11-13,2023-11-18,Standard Class
749,2,2023-01-20,2023-01-25,First Class
750,171,2023-02-13,2023-02-17,Standard Class
751,155,2022-05-06,2022-05-13,First Class
752,106,2023-11-08,2023-11-10,Standard Class
753,156,2023-05-12,2023-05-16,Standard Class
754,183,2022-05-27,2022-06-03,Standard Class
755,120,2022-06-22,2022-06-26,Standard Class
756,84,2023-01-28,2023-02-04,First Class
757,35,2023-07-02,2023-07-08,Same Day
758,58,2023-08-13,2023-08-20,Standard Class
759,60,2022-08-17,2022-08-20,Standard Class
760,81,2023-01-25,2023-01-30,Standard Class
761,94,2023-11-27,2023-12-04,Second Class
762,57,2023-05-27,2023-06-02,Same Day
763,82,2022-11-13,2022-11-18,Standard Class
764,86,2022-06-06,2022-06-13,Second Class
765,125,2023-02-06,2023-02-09,Second Class
766,109,2023-11-26,2023-11-30,First Class
767,83,2023-08-18,2023-08-25,Standard Class
768,38,2022-08-03,2022-08-05,Second Class
769,174,2022-06-01,2022-06-05,Same Day
770,31,2023-06-12,2023-06-18,First Class
771,168,2023-01-20,2023-01-27,Standard Class
772,165,2023-11-16,2023-11-21,Second Class
773,123,2022-10-08,2022-10-14,Standard Class
774,104,2023-12-19,2023-12-20,Same Day
775,47,2022-01-06,2022-01-11,Same Day
776,193,2022-02-05,2022-02-06,Standard Class
777,36,2023-08-14,2023-08-18,First Class
778,155,2023-07-20,2023-07-22,First Class
779,167,2022-06-17,2022-06-21,Same Day
780,37,2023-07-03,2023-07-05,Standard Class
781,42,2023-03-06,2023-03-13,Second Class
782,29,2023-12-02,2023-12-07,Same Day
783,86,2022-10-07,2022-10-09,Second Class
784,135,2022-11-10,2022-11-15,Same Day
785,147,2022-10-16,2022-10-21,First Class
786,152,2022-05-11,2022-05-14,Standard Class
787,181,2023-04-14,2023-04-16,Same Day
788,163,2022-03-31,2022-04-03,Same Day
789,191,2022-10-20,2022-10-25,Same Day
790,35,2023-05-07,2023-05-11,Standard Class
791,190,2023-11-09,2023-11-16,Standard Class
792,98,2022-06-24,2022-06-27,Standard Class
793,55,2022-01-03,2022-01-09,Same Day
794,159,2023-05-15,2023-05-16,First Class
795,77,2022-12-29,2022-12-30,Standard Class
796,22,2023-06-26,2023-07-01,Second Class
797,47,2023-07-04,2023-07-11,First Class
798,36,2022-12-29,2023-01-04,Same Day
799,49,2022-10-19,2022-10-20,Second Class
800,141,2023-05-23,2023-05-30,Second Class
801,6,2022-05-10,2022-05-12,First Class
802,22,2023-03-16,2023-03-18,Second Class
803,187,2023-05-30,2023-06-04,Second Class
804,103,2022-02-09,2022-02-12,Second Class
805,14,2023-01-25,2023-01-29,First Class
806,110,2023-10-22,2023-10-23,First Class
807,90,2023-12-30,2024-01-03,Second Class
808,72,2023-09-14,2023-09-15,Same Day
809,25,2023-11-17,2023-11-18,Second Class
810,71,2022-08-04,2022-08-09,Same Day
811,191,2023-09-09,2023-09-10,Standard Class
812,185,2022-06-07,2022-06-08,Second Class
813,94,2023-04-05,2023-04-11,Standard Class
814,12,2023-08-03,2023-08-04,Second Class
815,100,2023-02-15,2023-02-20,First Class
816,179,2022-01-10,2022-01-17,Same Day
817,75,2022-02-10,2022-02-16,Second Class
818,167,2022-12-22,2022-12-28,First Class
819,84,2022-02-28,2022-03-06,Standard Class
820,185,2023-12-06,2023-12-10,First Class
821,38,2023-05-06,2023-05-07,Same Day
822,187,2022-07-04,2022-07-10,First Class
823,101,2023-12-05,2023-12-10,Second Class
824,63,2023-04-11,2023-04-17,Same Day
825,187,2022-01-13,2022-01-18,Standard Class
826,154,2022-01-14,2022-01-21,Standard Class
827,182,2022-03-29,2022-03-31,Second Class
828,69,2023-10-05,2023-10-10,Standard Class
829,76,2022-04-16,2022-04-21,Same Day
830,38,2022-12-28,2023-01-03,First Class
831,58,2022-04-15,2022-04-18,First Class
832,93,2022-03-28,2022-03-29,Second Class
833,109,2022-06-03,2022-06-09,First Class
834,38,2023-02-04,2023-02-08,Same Day
835,187,2022-10-13,2022-10-15,Standard Class
836,178,2023-02-28,2023-03-05,First Class
837,138,2023-07-01,2023-07-05,Second Class
838,53,2022-01-18,2022-01-21,Same Day
839,118,2022-05-28,2022-06-04,Same Day
840,179,2023-12-22,2023-12-24,Same Day
841,14,2023-12-20,2023-12-21,Standard Class
842,107,2022-06-03,2022-06-10,Second Class
843,29,2022-06-09,2022-06-10,Standard Class
844,182,2022-08-21,2022-08-25,Second Class
845,57,2023-02-06,2023-02-08,Standard Class
846,70,2022-04-22,2022-04-23,Standard Class
847,17,2022-08-05,2022-08-10,Standard Class
848,12,2023-08-01,2023-08-08,Same Day
849,80,2022-01-09,2022-01-12,First Class
850,129,2022-04-14,2022-04-19,Second Class
851,151,2022-02-08,2022-02-11,Second Class
852,60,2022-08-09,2022-08-16,Second Class
853,88,2023-04-04,2023-04-11,Second Class
854,156,2022-03-18,2022-03-20,Same Day
855,80,2023-07-15,2023-07-22,Standard Class
856,19,2022-07-03,2022-07-09,Same Day
857,11,2023-01-08,2023-01-15,First Class
858,175,2023-02-28,2023-03-05,Same Day
859,40,2022-04-18,2022-04-21,Same Day
860,119,2023-11-17,2023-11-18,First Class
861,17,2022-11-21,2022-11-24,Same Day
862,10,2023-07-13,2023-07-15,Same Day
863,199,2023-01-25,2023-01-26,First Class
864,71,2023-02-19,2023-02-20,First Class
865,51,2022-12-24,2022-12-28,Same Day
866,20,2023-11-15,2023-11-20,Second Class
867,82,2022-04-27,2022-05-04,Same Day
868,149,2022-04-10,2022-04-11,Second Class
869,97,2022-08-10,2022-08-13,Second Class
870,78,2022-11-11,2022-11-16,Standard Class
871,46,2023-04-15,2023-04-19,First Class
872,73,2023-11-07,2023-11-13,Same Day
873,106,2022-04-17,2022-04-21,Standard Class
874,98,2022-04-28,2022-04-30,Same Day
875,166,2023-12-22,2023-12-29,Same Day
876,73,2022-10-02,2022-10-08,First Class
877,96,2023-06-16,2023-06-23,First Class
878,101,2022-02-22,2022-03-01,Same Day
879,41,2023-03-24,2023-03-26,Standard Class
880,196,2023-10-05,2023-10-08,Second Class
881,182,2023-07-11,2023-07-12,Same Day
882,163,2023-10-09,2023-10-16,First Class
883,63,2023-01-23,2023-01-30,First Class
884,161,2022-01-24,2022-01-30,Standard Class
885,28,2022-05-26,2022-05-29,First Class
886,54,2023-02-05,2023-02-06,Same Day
887,161,2022-03-20,2022-03-22,Same Day
888,9,2022-05-01,2022-05-04,First Class
889,6,2023-06-15,2023-06-20,Second Class
890,57,2022-03-27,2022-04-02,Second Class
891,191,2023-05-23,2023-05-27,Same Day
892,27,2023-08-21,2023-08-28,First Class
893,153,2022-10-06,2022-10-13,First Class
894,151,2023-02-24,2023-02-27,First Class
895,96,2023-01-16,2023-01-18,First Class
896,3,2022-12-03,2022-12-05,Same Day
897,172,2022-03-18,2022-03-23,Same Day
898,154,2022-12-01,2022-12-06,Same Day
899,119,2022-10-19,2022-10-21,Same Day
900,87,2023-10-23,2023-10-24,Standard Class
901,157,2022-02-18,2022-02-22,First Class
902,27,2022-11-27,2022-12-04,Same Day
903,138,2022-01-06,2022-01-12,Standard Class
904,98,2022-10-04,2022-10-10,Second Class
905,38,2023-08-22,2023-08-29,Same Day
906,24,2022-09-28,2022-10-05,First Class
907,63,2023-11-07,2023-11-13,Second Class
908,55,2022-01-14,2022-01-20,Second Class
909,80,2023-12-27,2023-12-31,Second Class
910,109,2022-06-18,2022-06-24,First Class
911,91,2022-09-29,2022-09-30,Standard Class
912,113,2022-10-07,2022-10-10,Standard Class
913,109,2022-07-18,2022-07-21,Second Class
914,64,2022-04-24,2022-04-26,Standard Class
915,62,2022-03-09,2022-03-14,Standard Class
916,178,2022-10-02,2022-10-06,Second Class
917,188,2022-01-04,2022-01-05,Second Class
918,4,2023-11-14,2023-11-18,Same Day
919,150,2022-01-02,2022-01-06,Second Class
920,25,2022-04-13,2022-04-16,First Class
921,91,2022-11-05,2022-11-11,First Class
922,37,2023-01-01,2023-01-05,Standard Class
923,23,2022-07-18,2022-07-22,Standard Class
924,101,2023-08-27,2023-08-31,First Class
925,111,2023-04-11,2023-04-16,First Class
926,143,2023-11-12,2023-11-14,First Class
927,79,2022-01-06,2022-01-10,First Class
928,90,2022-10-18,2022-10-25,Second Class
929,188,2022-07-21,2022-07-25,Standard Class
930,67,2022-11-06,2022-11-11,First Class
931,175,2022-07-24,2022-07-27,Second Class
932,36,2023-06-24,2023-06-28,First Class
933,194,2022-05-24,2022-05-29,First Class
934,145,2022-10-28,2022-10-29,Same Day
935,14,2022-03-28,2022-03-29,First Class
936,75,2023-08-03,2023-08-07,First Class
937,131,2022-02-24,2022-03-02,Second Class
938,177,2022-07-25,2022-07-26,Standard Class
939,134,2022-04-10,2022-04-12,Second Class
940,130,2023-03-31,2023-04-04,Standard Class
941,48,2022-08-29,2022-09-05,First Class
942,180,2023-07-14,2023-07-16,Same Day
943,107,2023-03-12,2023-03-14,Standard Class
944,167,2023-11-04,2023-11-09,Same Day
945,186,2023-04-15,2023-04-18,Standard Class
946,135,2023-02-04,2023-02-09,Standard Class
947,118,2022-05-24,2022-05-27,First Class
948,34,2023-12-16,2023-12-19,First Class
949,188,2022-08-31,2022-09-01,Second Class
950,162,2022-01-31,2022-02-02,First Class
951,35,2023-10-15,2023-10-20,Second Class
952,52,2022-06-15,2022-06-19,Second Class
953,172,2022-04-09,2022-04-11,Standard Class
954,19,2022-12-15,2022-12-17,Same Day
955,159,2023-07-27,2023-08-03,Second Class
956,97,2022-03-14,2022-03-19,Standard Class
957,14,2023-09-08,2023-09-13,First Class
958,65,2023-02-04,2023-02-10,First Class
959,137,2023-08-13,2023-08-15,First Class
960,67,2022-07-25,2022-07-28,Standard Class
961,127,2022-03-16,2022-03-23,Standard Class
962,186,2022-02-12,2022-02-13,Standard Class
963,199,2022-07-20,2022-07-25,Same Day
964,100,2023-01-22,2023-01-28,Second Class
965,112,2022-03-01,2022-03-03,Second Class
966,106,2023-07-04,2023-07-09,Standard Class
967,15,2022-03-20,2022-03-21,Second Class
968,169,2022-05-06,2022-05-12,Standard Class
969,127,2023-12-24,2023-12-30,First Class
970,168,2022-09-08,2022-09-13,First Class
971,72,2022-03-22,2022-03-24,Second Class
972,6,2023-05-26,2023-06-02,Standard Class
973,157,2023-01-29,2023-02-02,Standard Class
974,79,2022-02-02,2022-02-07,First Class
975,68,2023-08-29,2023-08-31,Standard Class
976,100,2023-11-26,2023-11-29,Same Day
977,175,2022-10-08,2022-10-09,Second Class
978,146,2023-11-08,2023-11-11,First Class
979,10,2023-01-03,2023-01-07,Second Class
980,71,2022-09-23,2022-09-30,Same Day
981,13,2022-08-27,2022-08-28,Standard Class
982,142,2022-08-22,2022-08-23,First Class
983,28,2022-03-21,2022-03-26,Same Day
984,53,2022-11-30,2022-12-05,First Class
985,96,2023-04-27,2023-04-30,Standard Class
986,28,2023-09-16,2023-09-18,First Class
987,58,2023-08-02,2023-08-07,Same Day
988,63,2022-12-03,2022-12-05,First Class
989,188,2023-02-24,2023-02-27,Standard Class
990,108,2022-08-24,2022-08-29,Second Class
991,108,2023-06-02,2023-06-04,Same Day
992,68,2023-07-22,2023-07-28,Same Day
993,111,2022-01-25,2022-01-31,Second Class
994,136,2023-02-02,2023-02-06,First Class
995,87,2022-12-11,2022-12-16,Standard Class
996,105,2023-10-08,2023-10-12,Same Day
997,131,2022-03-27,2022-03-29,Standard Class
998,77,2023-05-21,2023-05-24,Standard Class
999,133,2022-10-12,2022-10-17,First Class
1000,31,2022-10-22,2022-10-25,Same Day
